date,station,pm2_5,pm10,no2,o3,aqi
01-01-2024,Colaba,69.9,98.6,30.2,58.3,87.4
02-01-2024,Colaba,55.3,83,37.6,49.2,75.3
03-01-2024,Colaba,50.6,86,21.3,34.4,51.6
04-01-2024,Colaba,64.8,75.7,11.2,33.3,64.8
05-01-2024,Colaba,39.7,72.9,17.7,23.1,39.7
06-01-2024,Colaba,89.3,117.1,25.5,22.9,89.3
07-01-2024,Colaba,49.1,80.2,15.8,44.5,66.8
08-01-2024,Colaba,48,75.1,20.2,62.2,93.3
09-01-2024,Colaba,59.7,79.2,31.6,25.3,63.2
10-01-2024,Colaba,64.2,74.6,14.4,42.4,64.2
11-01-2024,Colaba,74.8,106.5,24.1,36.4,74.8
12-01-2024,Colaba,30.4,53.2,21.3,52.7,79
13-01-2024,Colaba,66.9,79.2,27.6,35.4,66.9
14-01-2024,Colaba,46.5,82.6,33.2,51.2,76.8
15-01-2024,Colaba,43.2,70.1,27.7,51.7,77.6
16-01-2024,Colaba,50.4,78.6,16.1,25.6,50.4
17-01-2024,Colaba,76.3,119.8,24.4,52,78.1
18-01-2024,Colaba,67.2,90.8,27.9,58.5,87.7
19-01-2024,Colaba,59.3,104.9,4,49.9,74.8
20-01-2024,Colaba,61.7,88.8,25.7,16.1,61.7
21-01-2024,Colaba,55.6,89.2,36.8,33.8,73.6
22-01-2024,Colaba,43.8,68.8,32.3,43.9,65.9
23-01-2024,Colaba,49.4,84.5,25.8,51.6,77.4
24-01-2024,Colaba,46,72.7,21.9,22.4,46
25-01-2024,Colaba,65.9,98.5,25,37.2,65.9
26-01-2024,Colaba,31.7,57.5,22.3,30.4,45.6
27-01-2024,Colaba,56.8,90.8,40.1,42.1,80.2
28-01-2024,Colaba,65.2,94.4,9.6,39.7,65.2
29-01-2024,Colaba,61.2,115.8,23.5,43.6,65.4
30-01-2024,Colaba,59.3,77.6,34.1,49,73.5
31-01-2024,Colaba,75.8,96.7,36.2,23.2,75.8
01-02-2024,Colaba,71.7,123.6,17.1,33.2,71.7
02-02-2024,Colaba,62,87,12.6,40.8,62
03-02-2024,Colaba,38.8,73.5,17.6,58.6,87.9
04-02-2024,Colaba,44.3,71.1,31.5,25.2,63
05-02-2024,Colaba,64.5,107.6,12.1,42.2,64.5
06-02-2024,Colaba,65.2,103,15.1,24.2,65.2
07-02-2024,Colaba,70.4,103.4,27,44.2,70.4
08-02-2024,Colaba,46.4,78.7,27.3,31.4,54.7
09-02-2024,Colaba,97.3,132.1,15.5,47.9,97.3
10-02-2024,Colaba,40.5,78.4,34.3,30.2,68.5
11-02-2024,Colaba,79.3,113.4,31.6,62.8,94.1
12-02-2024,Colaba,55.1,77.6,17.9,30.2,55.1
13-02-2024,Colaba,58.5,91.9,27.2,49.9,74.9
14-02-2024,Colaba,60.3,104.8,22.9,72.6,109
15-02-2024,Colaba,72.5,93.9,16.4,45.8,72.5
16-02-2024,Colaba,55.5,92.7,28.8,39.1,58.7
17-02-2024,Colaba,43.1,57.9,21.4,50.3,75.4
18-02-2024,Colaba,64.3,81.8,26.4,44.6,66.9
19-02-2024,Colaba,42.3,73.9,25.5,26.3,50.9
20-02-2024,Colaba,67.2,102.8,33.7,52.6,79
21-02-2024,Colaba,32.4,53.1,29.1,46.2,69.2
22-02-2024,Colaba,70.3,138.8,29.6,53.6,80.4
23-02-2024,Colaba,79.1,115.6,22.5,49.1,79.1
24-02-2024,Colaba,44.5,72.2,21.1,41,61.5
25-02-2024,Colaba,106.3,117.6,30.5,20.6,106.3
26-02-2024,Colaba,50.6,91.5,25.5,27.1,51
27-02-2024,Colaba,45.7,82.5,19.2,42.6,63.9
28-02-2024,Colaba,60.9,84.4,42.2,47.6,84.3
29-02-2024,Colaba,19.5,51.4,19.7,50.2,75.3
01-03-2024,Colaba,44.1,73,29,50.4,75.6
02-03-2024,Colaba,36,62.6,21.2,32.2,48.2
03-03-2024,Colaba,95.3,129.4,14.9,51,95.3
04-03-2024,Colaba,102.4,142.8,12.8,34.2,102.4
05-03-2024,Colaba,85.3,108.3,28.6,49.3,85.3
06-03-2024,Colaba,41.5,70.9,-0.9,27.7,41.6
07-03-2024,Colaba,54.9,72.5,38.1,22.8,76.1
08-03-2024,Colaba,51.2,82.5,36.5,22.8,73.1
09-03-2024,Colaba,83.3,113.4,17.1,45.5,83.3
10-03-2024,Colaba,64,88,25.6,35.4,64
11-03-2024,Colaba,62.3,98.9,37.7,25.1,75.4
12-03-2024,Colaba,102.7,113.1,23.8,47.1,102.7
13-03-2024,Colaba,65.6,89.4,23.3,34.1,65.6
14-03-2024,Colaba,48.2,86.7,27.9,31.7,55.7
15-03-2024,Colaba,78,111.1,31.5,47.6,78
16-03-2024,Colaba,43.4,67.8,31,47.3,71
17-03-2024,Colaba,59.6,90.8,35.2,32.9,70.4
18-03-2024,Colaba,70.9,98.9,23.3,53.2,79.8
19-03-2024,Colaba,76.5,114.6,35.4,40.3,76.5
20-03-2024,Colaba,73.6,100.5,27.6,38.4,73.6
21-03-2024,Colaba,61.9,97.9,18.5,65.1,97.7
22-03-2024,Colaba,39.9,57.7,34.3,49.5,74.2
23-03-2024,Colaba,72.5,108.8,24.9,29.2,72.5
24-03-2024,Colaba,61.5,84.7,32.8,38.2,65.6
25-03-2024,Colaba,43.5,70.3,28.3,33.2,56.6
26-03-2024,Colaba,43.6,76,27,33.9,53.9
27-03-2024,Colaba,50.6,82.9,13.4,23.1,50.6
28-03-2024,Colaba,45.6,73.5,27.5,57.7,86.6
29-03-2024,Colaba,77.2,105.6,24.8,28,77.2
30-03-2024,Colaba,59.6,86.7,27.6,30.1,59.6
31-03-2024,Colaba,70.4,115.7,24.1,44.8,70.4
01-04-2024,Colaba,73.8,99.8,26.8,40.2,73.8
02-04-2024,Colaba,62,84.2,25.2,46,69
03-04-2024,Colaba,89,128.6,42.2,30.8,89
04-04-2024,Colaba,77.4,109.3,42.5,30.3,85
05-04-2024,Colaba,43.2,67.2,8,33.7,50.5
06-04-2024,Colaba,44.8,76.3,27.7,62.5,93.8
07-04-2024,Colaba,79,103.2,17.8,45.9,79
08-04-2024,Colaba,33.6,81.9,34.4,34.4,68.9
09-04-2024,Colaba,25.7,69.3,24.1,54.9,82.3
10-04-2024,Colaba,28.1,52.1,25,40.6,60.8
11-04-2024,Colaba,51,87.2,16.5,38.3,57.4
12-04-2024,Colaba,62.4,97.6,30.7,26.5,62.4
13-04-2024,Colaba,29.3,72.1,27.7,31,55.3
14-04-2024,Colaba,91,122.2,34.4,40.8,91
15-04-2024,Colaba,101.2,148.8,23,51.7,101.2
16-04-2024,Colaba,72.9,116.6,17.3,48.2,72.9
17-04-2024,Colaba,81.2,93.6,15.5,15.5,81.2
18-04-2024,Colaba,54.6,91.8,37,40.9,74
19-04-2024,Colaba,92.6,108.8,11.4,39.3,92.6
20-04-2024,Colaba,67.7,97.4,8.5,38.9,67.7
21-04-2024,Colaba,33.9,70.6,27.9,28.7,55.9
22-04-2024,Colaba,49.7,69.1,24.5,51.5,77.2
23-04-2024,Colaba,40.3,75.3,20.8,30.5,45.7
24-04-2024,Colaba,57.9,77.5,20.6,25.6,57.9
25-04-2024,Colaba,99.3,129.6,19.4,42.6,99.3
26-04-2024,Colaba,57.8,85.5,29.9,49.1,73.6
27-04-2024,Colaba,49.4,73.6,22.8,12.4,49.4
28-04-2024,Colaba,29.7,73.4,38.2,37,76.3
29-04-2024,Colaba,71.5,104.6,49.6,53.4,99.3
30-04-2024,Colaba,57.4,77.9,12.1,42.4,63.7
01-05-2024,Colaba,44.9,60.7,19.8,27,44.9
02-05-2024,Colaba,93.7,132.6,24.9,57.8,93.7
03-05-2024,Colaba,61.5,82.9,37.2,46.5,74.4
04-05-2024,Colaba,39.3,67.4,18,23.4,39.3
05-05-2024,Colaba,78.5,127.6,13.8,46.8,78.5
06-05-2024,Colaba,47,72.1,20.3,29.6,47
07-05-2024,Colaba,61,82.7,27.2,39.4,61
08-05-2024,Colaba,55.2,76.1,20.4,49.1,73.6
09-05-2024,Colaba,70,90.2,25.8,49,73.5
10-05-2024,Colaba,26.6,62,19.7,46.8,70.3
11-05-2024,Colaba,44.7,56.7,12,40.6,60.9
12-05-2024,Colaba,65.2,86.2,30.1,20.1,65.2
13-05-2024,Colaba,58.7,76.6,19.8,40.6,60.9
14-05-2024,Colaba,42.8,68.9,33.1,33.1,66.1
15-05-2024,Colaba,76.7,95.4,29.2,57.3,85.9
16-05-2024,Colaba,10.6,32.6,29.6,37.6,59.2
17-05-2024,Colaba,67.4,91.4,25.7,38.1,67.4
18-05-2024,Colaba,83.4,115.9,27.7,35.1,83.4
19-05-2024,Colaba,50.2,75.9,28.2,34.9,56.3
20-05-2024,Colaba,65.8,116.5,32,36.1,65.8
21-05-2024,Colaba,84,109.9,8.7,27.9,84
22-05-2024,Colaba,22.6,49.1,25.1,60.1,90.2
23-05-2024,Colaba,66.5,94.3,31.6,13.5,66.5
24-05-2024,Colaba,64.7,102.4,13.2,53.7,80.6
25-05-2024,Colaba,66.8,92.6,30.1,67.2,100.9
26-05-2024,Colaba,63.6,96.1,21.3,29.8,63.6
27-05-2024,Colaba,76.6,98,25.6,34.3,76.6
28-05-2024,Colaba,69.6,102.9,33.3,33.9,69.6
29-05-2024,Colaba,54.6,74.8,21.4,44.5,66.8
30-05-2024,Colaba,75.1,95.9,32,56.3,84.4
31-05-2024,Colaba,68.3,117,18.8,25.1,68.3
01-06-2024,Colaba,24.4,69.4,30.2,39.3,60.5
02-06-2024,Colaba,65.6,84.3,44.6,41.6,89.1
03-06-2024,Colaba,62.2,99.4,28.8,42.7,64
04-06-2024,Colaba,44.2,78.9,40.1,56.1,84.2
05-06-2024,Colaba,91.9,116.8,17.1,38.5,91.9
06-06-2024,Colaba,61.1,102.1,11.5,58.4,87.5
07-06-2024,Colaba,56.8,82.6,16.9,20.1,56.8
08-06-2024,Colaba,76.5,107.2,14.7,24.5,76.5
09-06-2024,Colaba,53.3,100,22.9,22,53.3
10-06-2024,Colaba,55.1,82.4,3.4,39.3,59
11-06-2024,Colaba,55.4,92.3,39.8,53.5,80.3
12-06-2024,Colaba,54.6,73.6,45.6,40.7,91.2
13-06-2024,Colaba,60.3,90,26.6,38.3,60.3
14-06-2024,Colaba,48.5,73.1,24.7,33.5,50.2
15-06-2024,Colaba,45.7,76.8,23,58,87.1
16-06-2024,Colaba,7,47.9,35,15.1,69.9
17-06-2024,Colaba,53.1,79.4,13.7,30.7,53.1
18-06-2024,Colaba,37.8,85.3,32.5,55.3,82.9
19-06-2024,Colaba,74.4,93.1,20.8,45.9,74.4
20-06-2024,Colaba,35.6,72.7,23.1,35.5,53.3
21-06-2024,Colaba,74.2,108.7,22.1,53.9,80.9
22-06-2024,Colaba,38.4,74.5,29.7,36.3,59.5
23-06-2024,Colaba,66.5,84,32.4,37.8,66.5
24-06-2024,Colaba,49.5,90,19.4,23.1,49.5
25-06-2024,Colaba,28.9,64.9,14.8,61.1,91.6
26-06-2024,Colaba,18.4,65.3,26.7,38.8,58.3
27-06-2024,Colaba,49.1,83.1,24.7,53.2,79.9
28-06-2024,Colaba,62.3,93.8,22.1,39.3,62.3
29-06-2024,Colaba,66.2,79.1,14.2,48.9,73.4
30-06-2024,Colaba,63.4,91.6,25.1,44.2,66.3
01-07-2024,Colaba,49.2,71.4,26.6,28.3,53.1
02-07-2024,Colaba,68.2,81.1,33.2,45.7,68.5
03-07-2024,Colaba,65.1,104.9,38.3,52.2,78.3
04-07-2024,Colaba,23.2,40.4,20,40.3,60.5
05-07-2024,Colaba,70.4,93.1,26.5,30.9,70.4
06-07-2024,Colaba,47.8,63.7,17.6,23.8,47.8
07-07-2024,Colaba,40.5,81,17.4,71.6,107.4
08-07-2024,Colaba,69.9,101.7,18.1,48.4,72.6
09-07-2024,Colaba,48.5,79.7,45.5,38.8,91
10-07-2024,Colaba,83,106,24.7,61.2,91.9
11-07-2024,Colaba,47.5,95.6,30.7,33.3,61.3
12-07-2024,Colaba,72.6,112.4,30,21.2,72.6
13-07-2024,Colaba,45.5,73,24.4,47.4,71.2
14-07-2024,Colaba,63.6,80.2,28,47.3,71
15-07-2024,Colaba,71.2,112,31.7,45.5,71.2
16-07-2024,Colaba,58.6,72,28.4,42.5,63.7
17-07-2024,Colaba,65.4,82.7,16.4,52.6,79
18-07-2024,Colaba,59.2,96,25.2,40.4,60.5
19-07-2024,Colaba,78.8,103.6,25.8,34.5,78.8
20-07-2024,Colaba,51.3,78.2,26.8,34.3,53.6
21-07-2024,Colaba,85.1,106.2,23.5,34.7,85.1
22-07-2024,Colaba,88.9,120.9,33.3,22.2,88.9
23-07-2024,Colaba,65.3,104.2,25.7,52.8,79.2
24-07-2024,Colaba,49.7,93.7,43.4,35.6,86.8
25-07-2024,Colaba,51.1,95.6,37.6,33.7,75.3
26-07-2024,Colaba,51.6,78.8,14.2,29,51.6
27-07-2024,Colaba,39.9,62.2,24.7,42.8,64.2
28-07-2024,Colaba,91,111,32.9,37.4,91
29-07-2024,Colaba,59,95.8,16,44.6,66.9
30-07-2024,Colaba,63.3,98.3,27.3,69.5,104.2
31-07-2024,Colaba,47.2,71.9,20,33.3,50
01-08-2024,Colaba,47.3,89.1,36.4,33.2,72.7
02-08-2024,Colaba,43.4,78.1,20.6,47.6,71.4
03-08-2024,Colaba,64.1,78.9,37.4,61.6,92.3
04-08-2024,Colaba,47.7,73.9,27.3,44,66
05-08-2024,Colaba,73.2,123.3,23.6,30.4,73.2
06-08-2024,Colaba,32.4,55.1,24.7,61.5,92.3
07-08-2024,Colaba,49.6,81.9,24.9,54.3,81.4
08-08-2024,Colaba,110.5,135.2,21.1,52.5,110.5
09-08-2024,Colaba,73.6,122.1,29.7,35.7,73.6
10-08-2024,Colaba,71.8,112.9,31.6,46.1,71.8
11-08-2024,Colaba,81.3,123,36.1,47.8,81.3
12-08-2024,Colaba,56.7,88.1,34.7,30.2,69.3
13-08-2024,Colaba,67.4,93.4,25.2,55.3,83
14-08-2024,Colaba,63.8,94.3,14.1,49,73.4
15-08-2024,Colaba,72.9,124.5,22.5,42.6,72.9
16-08-2024,Colaba,65,110.8,24.2,43.3,65
17-08-2024,Colaba,72.2,104,21.4,42.3,72.2
18-08-2024,Colaba,81.5,101.2,26.1,31.6,81.5
19-08-2024,Colaba,83.9,98.7,20.5,44.5,83.9
20-08-2024,Colaba,91.3,120.7,20.6,62.6,93.9
21-08-2024,Colaba,31,39.1,28.5,34,57
22-08-2024,Colaba,39.6,76.7,27,33.2,53.9
23-08-2024,Colaba,34.4,73.1,30.2,38.8,60.4
24-08-2024,Colaba,96.9,116.2,12.8,31.7,96.9
25-08-2024,Colaba,59.1,91.5,23.1,44.2,66.3
26-08-2024,Colaba,35,79.4,24.3,53.4,80.1
27-08-2024,Colaba,66.9,101.4,29.6,45.4,68.1
28-08-2024,Colaba,72.9,116.1,26.6,48.5,72.9
29-08-2024,Colaba,58.2,102.6,19.6,61.6,92.4
30-08-2024,Colaba,59.2,74.9,26,31.8,59.2
31-08-2024,Colaba,76.8,100.3,21.4,17.3,76.8
01-09-2024,Colaba,51,56.7,12.3,49.1,73.7
02-09-2024,Colaba,75.7,110,17.3,39.4,75.7
03-09-2024,Colaba,59.9,78.3,37,50.5,75.8
04-09-2024,Colaba,55.6,85.8,26.7,15.5,55.6
05-09-2024,Colaba,55.1,78.2,17,36.6,55.1
06-09-2024,Colaba,96,132.4,20.4,46.9,96
07-09-2024,Colaba,88,127.2,25.5,32.2,88
08-09-2024,Colaba,74,107.9,32.2,47.6,74
09-09-2024,Colaba,81,105.6,35.5,42.4,81
10-09-2024,Colaba,101.5,124.6,38.9,42.4,101.5
11-09-2024,Colaba,47,72.1,22.4,45.1,67.6
12-09-2024,Colaba,70.5,94.7,24.8,65.7,98.6
13-09-2024,Colaba,94.6,128.9,25.3,41.4,94.6
14-09-2024,Colaba,72.3,92,22.9,20,72.3
15-09-2024,Colaba,68,104.5,21.1,58.9,88.3
16-09-2024,Colaba,35.5,50.8,26.8,52.6,78.8
17-09-2024,Colaba,93.7,119.1,33.6,39.5,93.7
18-09-2024,Colaba,56.5,95.4,30.2,21.1,60.4
19-09-2024,Colaba,89.5,133.3,20,44.7,89.5
20-09-2024,Colaba,69.9,102.5,20.6,31.9,69.9
21-09-2024,Colaba,59.5,101.2,29.3,35.6,59.5
22-09-2024,Colaba,75.4,76.9,34.2,19.1,75.4
23-09-2024,Colaba,52.8,71.6,14.6,53.9,80.9
24-09-2024,Colaba,50.6,84.1,24.6,45.7,68.6
25-09-2024,Colaba,61.5,78.7,33,34.1,65.9
26-09-2024,Colaba,28.9,54.6,37,50.2,75.3
27-09-2024,Colaba,53,79.5,22.4,64.9,97.4
28-09-2024,Colaba,67.6,101.9,33.2,42.9,67.6
29-09-2024,Colaba,54.8,82.9,24.4,39.6,59.3
30-09-2024,Colaba,74.6,105.1,30.9,39,74.6
01-10-2024,Colaba,61.6,71.6,32.3,44.2,66.2
02-10-2024,Colaba,80,81,41.7,38.3,83.4
03-10-2024,Colaba,82.2,101.8,29.9,27.4,82.2
04-10-2024,Colaba,47.5,96.7,23.5,42.6,63.9
05-10-2024,Colaba,77.4,112.4,26.2,44.4,77.4
06-10-2024,Colaba,108.1,137.5,26.6,52.6,108.1
07-10-2024,Colaba,82.1,124,30.1,26.3,82.1
08-10-2024,Colaba,92.7,111.2,27.4,30.9,92.7
09-10-2024,Colaba,58.7,92,27.6,45.1,67.6
10-10-2024,Colaba,92.3,126.8,23,51.6,92.3
11-10-2024,Colaba,83.8,101.5,29.8,48.4,83.8
12-10-2024,Colaba,54,97.8,23.8,41.5,62.3
13-10-2024,Colaba,56.5,86.7,16.2,22.7,56.5
14-10-2024,Colaba,91.9,113.4,17.1,14.2,91.9
15-10-2024,Colaba,47.2,64,38.1,52.1,78.2
16-10-2024,Colaba,46.2,98.8,32.9,36.1,65.7
17-10-2024,Colaba,10,62.9,13.9,20.3,31.5
18-10-2024,Colaba,80.5,134.8,36.1,46.8,80.5
19-10-2024,Colaba,71.9,110.4,31.1,43.4,71.9
20-10-2024,Colaba,62.1,91.5,19,36.6,62.1
21-10-2024,Colaba,26.1,55.2,17.1,26.8,40.1
22-10-2024,Colaba,63.6,107.5,32.3,21.2,64.7
23-10-2024,Colaba,40.2,79.6,17.1,37.3,56
24-10-2024,Colaba,71,91.3,25.8,24,71
25-10-2024,Colaba,48,81.2,12.3,45.3,67.9
26-10-2024,Colaba,59.6,95.1,26.8,56.4,84.6
27-10-2024,Colaba,62.5,88.2,26,46.5,69.8
28-10-2024,Colaba,61,91.4,19.4,32,61
29-10-2024,Colaba,31.9,79.4,15,31.7,47.5
30-10-2024,Colaba,45.6,84.6,22.6,55,82.5
31-10-2024,Colaba,46.5,79.3,18.3,65.7,98.6
01-11-2024,Colaba,36.2,69.3,30.1,45,67.4
02-11-2024,Colaba,56.3,85,25.4,38.2,57.4
03-11-2024,Colaba,79.3,131.4,20.5,23.6,79.3
04-11-2024,Colaba,58.2,114,18.6,59.7,89.5
05-11-2024,Colaba,93.6,118,29.6,59.5,93.6
06-11-2024,Colaba,52.4,80.4,20.3,27.8,52.4
07-11-2024,Colaba,47,64.8,25.3,30.8,50.5
08-11-2024,Colaba,64.7,79.1,27.6,50,75
09-11-2024,Colaba,20.1,53.9,34.8,25.5,69.6
10-11-2024,Colaba,93.5,127.6,19.4,39.3,93.5
11-11-2024,Colaba,71.2,101.9,29.3,29,71.2
12-11-2024,Colaba,63.4,79.3,24.1,29.2,63.4
13-11-2024,Colaba,45.3,87.7,33.7,47.3,71
14-11-2024,Colaba,38.2,65,34.7,41.7,69.4
15-11-2024,Colaba,106.4,140.3,26.5,36.3,106.4
16-11-2024,Colaba,62.7,91.1,30.7,51.5,77.2
17-11-2024,Colaba,44.3,61,10.3,46.1,69.1
18-11-2024,Colaba,37.9,46.4,28.1,69.9,104.9
19-11-2024,Colaba,59.9,98.3,25.7,38.8,59.9
20-11-2024,Colaba,78.4,105.5,27.1,43.9,78.4
21-11-2024,Colaba,46.6,86.6,23.6,30.9,47.2
22-11-2024,Colaba,70.7,91.7,25.2,39.9,70.7
23-11-2024,Colaba,81.7,116.5,24.8,49.8,81.7
24-11-2024,Colaba,87.8,123.4,25.1,24.3,87.8
25-11-2024,Colaba,38.7,65.6,20.1,37.8,56.6
26-11-2024,Colaba,61.1,96.4,24.4,45.8,68.8
27-11-2024,Colaba,61.3,71.5,17.5,38.3,61.3
28-11-2024,Colaba,35.8,71.8,37.2,54.6,81.9
29-11-2024,Colaba,55.7,100.6,26.2,36,55.7
30-11-2024,Colaba,47.7,74.7,21.9,42,63.1
01-12-2024,Colaba,63.2,93.2,28.5,54.3,81.4
02-12-2024,Colaba,79,94.1,4.6,51.2,79
03-12-2024,Colaba,32.7,60.4,15.6,18.4,32.7
04-12-2024,Colaba,70.8,108.4,20.4,8.9,70.8
05-12-2024,Colaba,49.1,83,13.2,42.2,63.3
06-12-2024,Colaba,59.7,95.5,26,28.3,59.7
07-12-2024,Colaba,83.9,112.3,24.8,28.8,83.9
08-12-2024,Colaba,51.1,72.3,23.6,60.5,90.8
09-12-2024,Colaba,32.6,46.4,36.8,37.5,73.5
10-12-2024,Colaba,46.6,87,20.2,61.9,92.9
11-12-2024,Colaba,73.6,98.7,42.3,32.7,84.5
12-12-2024,Colaba,74.8,107.8,35.4,58.7,88.1
13-12-2024,Colaba,60.6,83.1,28.7,31.9,60.6
14-12-2024,Colaba,100.3,131.6,22.1,42.2,100.3
15-12-2024,Colaba,33.1,53.3,34.6,32.1,69.2
16-12-2024,Colaba,39.1,74.4,34.5,48.6,72.9
17-12-2024,Colaba,79.9,102.4,13.6,58,87
18-12-2024,Colaba,53.5,81,35.6,46.7,71.3
19-12-2024,Colaba,69.1,120.8,19.9,51.1,76.7
20-12-2024,Colaba,61.1,93.8,37.2,46.1,74.5
21-12-2024,Colaba,70.8,111.5,22.1,29.9,70.8
22-12-2024,Colaba,39.1,49.4,41.4,26.8,82.9
23-12-2024,Colaba,55.6,82.8,27.5,49.8,74.7
24-12-2024,Colaba,77.2,101.4,23.7,43.4,77.2
25-12-2024,Colaba,55,101.1,28.9,48.8,73.2
26-12-2024,Colaba,73.3,115,26.4,24.4,73.3
27-12-2024,Colaba,68,91.5,20.8,47,70.6
28-12-2024,Colaba,84.8,115,27.5,60.4,90.6
29-12-2024,Colaba,64.8,120.8,29.5,18.9,64.8
30-12-2024,Colaba,75.1,108.9,35.3,48.1,75.1
31-12-2024,Colaba,57.2,75,23.3,29.8,57.2
01-01-2024,Bandra,48.4,84.3,38.4,44.7,76.7
02-01-2024,Bandra,36.1,70.5,34.6,32.7,69.1
03-01-2024,Bandra,57.3,87.5,18.7,47.8,71.7
04-01-2024,Bandra,57.6,91.8,17.9,34.8,57.6
05-01-2024,Bandra,74.4,100.7,38.8,35.2,77.6
06-01-2024,Bandra,64.5,103.8,13.7,18.9,64.5
07-01-2024,Bandra,29.5,72.1,20.6,70.7,106
08-01-2024,Bandra,48.7,80.6,37.3,64.1,96.1
09-01-2024,Bandra,101.2,143.3,33.2,47.1,101.2
10-01-2024,Bandra,75.6,100.1,18.5,40,75.6
11-01-2024,Bandra,56.6,82.1,30.6,51.5,77.2
12-01-2024,Bandra,61.8,106.5,15.9,37.7,61.8
13-01-2024,Bandra,45.7,57,24.3,38.5,57.8
14-01-2024,Bandra,90.3,126.6,16.8,62.2,93.4
15-01-2024,Bandra,84.4,120.2,23.2,28.5,84.4
16-01-2024,Bandra,52.6,93.4,40.1,58.5,87.8
17-01-2024,Bandra,50.2,69,26.1,18.8,52.3
18-01-2024,Bandra,66.5,95,21.3,20.9,66.5
19-01-2024,Bandra,70.3,94.9,15.6,5.5,70.3
20-01-2024,Bandra,59.4,107.2,38.3,34.5,76.6
21-01-2024,Bandra,48,82.6,17,43.6,65.4
22-01-2024,Bandra,75.3,117.6,24.2,37.6,75.3
23-01-2024,Bandra,42.4,64.2,23.2,44.4,66.6
24-01-2024,Bandra,78.3,100.2,36.9,36.7,78.3
25-01-2024,Bandra,59.6,82.1,5.6,50.6,75.9
26-01-2024,Bandra,74.7,101.9,25.5,46.2,74.7
27-01-2024,Bandra,28.7,53.5,31.4,24.9,62.7
28-01-2024,Bandra,65.9,82.3,28.7,39.6,65.9
29-01-2024,Bandra,27.7,69.3,19.1,30.3,45.4
30-01-2024,Bandra,64,105.5,16.9,40.7,64
31-01-2024,Bandra,68.6,105.5,26.4,35.6,68.6
01-02-2024,Bandra,43.4,74.3,16.4,4.9,43.4
02-02-2024,Bandra,68.7,107.8,6.1,27.9,68.7
03-02-2024,Bandra,72.4,123,25.2,31.3,72.4
04-02-2024,Bandra,56.3,100.1,19.8,30.4,56.3
05-02-2024,Bandra,50.3,70.8,26,59.5,89.2
06-02-2024,Bandra,66.5,93.9,22.7,21.2,66.5
07-02-2024,Bandra,77.7,106.9,23.6,78.3,117.5
08-02-2024,Bandra,66,88.5,21.6,53.8,80.7
09-02-2024,Bandra,62.3,77.9,32.4,32,64.7
10-02-2024,Bandra,97.5,138.3,21.4,55.4,97.5
11-02-2024,Bandra,61.4,99.9,28.9,29.8,61.4
12-02-2024,Bandra,47.1,87.4,22.3,35.2,52.7
13-02-2024,Bandra,40.9,75.1,41.5,27.2,83
14-02-2024,Bandra,60.5,104.6,24.4,45.4,68.1
15-02-2024,Bandra,38.8,73,23.5,51.8,77.7
16-02-2024,Bandra,83.7,139.6,29.6,43.9,83.7
17-02-2024,Bandra,63.9,90.4,27.7,36.5,63.9
18-02-2024,Bandra,63.4,106.5,16.9,53.7,80.5
19-02-2024,Bandra,86.3,115.2,8,32.7,86.3
20-02-2024,Bandra,85.9,115.7,17,33.9,85.9
21-02-2024,Bandra,76.8,112.3,23.1,35.6,76.8
22-02-2024,Bandra,52.2,72.9,37.9,36.1,75.8
23-02-2024,Bandra,84.3,129.6,33,34.8,84.3
24-02-2024,Bandra,68.1,97.8,17.8,43.9,68.1
25-02-2024,Bandra,36.4,78.3,21.3,42.4,63.6
26-02-2024,Bandra,65.7,93.1,29.7,34.3,65.7
27-02-2024,Bandra,77.4,94,26,63.3,94.9
28-02-2024,Bandra,40,63.2,29.1,42.2,63.2
29-02-2024,Bandra,67,101.9,30.1,53.3,80
01-03-2024,Bandra,68.2,95.8,30.4,62.8,94.2
02-03-2024,Bandra,57.3,77.6,33.9,38.6,67.7
03-03-2024,Bandra,16.5,55,20.7,38.9,58.4
04-03-2024,Bandra,66.6,98.5,30.7,34.8,66.6
05-03-2024,Bandra,70.3,97.7,30.9,47.4,71.1
06-03-2024,Bandra,41.3,82.2,20.7,49.7,74.5
07-03-2024,Bandra,67.3,115.7,23.2,35.8,67.3
08-03-2024,Bandra,59.6,86.6,31.4,20.6,62.8
09-03-2024,Bandra,38.9,58.2,32.6,60.5,90.8
10-03-2024,Bandra,57.9,86.2,25.6,53.9,80.9
11-03-2024,Bandra,41.5,73.8,32.8,46,69
12-03-2024,Bandra,63.8,103.8,3.4,48.1,72.2
13-03-2024,Bandra,46.9,58.6,29.1,56.5,84.7
14-03-2024,Bandra,57.3,96.8,37.9,55.8,83.7
15-03-2024,Bandra,92.8,130.2,25.6,20.8,92.8
16-03-2024,Bandra,55.1,76.6,42.4,37.9,84.7
17-03-2024,Bandra,62.5,98,25.3,60.3,90.5
18-03-2024,Bandra,47.5,79.5,19.1,24.2,47.5
19-03-2024,Bandra,47.8,77.4,21.6,31.7,47.8
20-03-2024,Bandra,31.9,61,13,49.1,73.7
21-03-2024,Bandra,61.6,77.1,22.5,31,61.6
22-03-2024,Bandra,66.4,109.8,10,41.4,66.4
23-03-2024,Bandra,56.8,93.5,26.7,31,56.8
24-03-2024,Bandra,53.6,75.7,33.6,40.3,67.2
25-03-2024,Bandra,98,127.4,19.3,21.8,98
26-03-2024,Bandra,23.9,38.1,27.1,46.1,69.2
27-03-2024,Bandra,28.4,67.3,21.1,41.8,62.6
28-03-2024,Bandra,92.2,131.2,22.9,29.3,92.2
29-03-2024,Bandra,17,39.8,23.3,28.2,46.6
30-03-2024,Bandra,57.4,88.1,23.2,32.2,57.4
31-03-2024,Bandra,63.4,97.8,16.3,56.9,85.4
01-04-2024,Bandra,58,88.2,30.7,42.8,64.2
02-04-2024,Bandra,79.1,111.9,20.1,44.3,79.1
03-04-2024,Bandra,37.1,68.2,24.7,37.5,56.3
04-04-2024,Bandra,57.4,68.6,20.6,41.1,61.7
05-04-2024,Bandra,63.2,82.9,35.1,29.6,70.3
06-04-2024,Bandra,79.4,113.7,19.8,61.3,92
07-04-2024,Bandra,36.1,75.3,33,32,66
08-04-2024,Bandra,87.8,115.3,27.3,43.1,87.8
09-04-2024,Bandra,57.3,95.4,31.3,19,62.7
10-04-2024,Bandra,86.1,99.5,33.3,53.5,86.1
11-04-2024,Bandra,38.2,64.1,16.2,37.4,56.1
12-04-2024,Bandra,53.8,91.6,35.5,56.7,85.1
13-04-2024,Bandra,48.8,76.7,11.5,30.3,48.8
14-04-2024,Bandra,79.3,125.5,15.1,32.9,79.3
15-04-2024,Bandra,59.5,92.3,18.5,45.1,67.6
16-04-2024,Bandra,50.5,80.4,29.4,40.1,60.1
17-04-2024,Bandra,51.3,80.2,24.3,35.6,53.3
18-04-2024,Bandra,54.8,100.8,29.5,36.5,59
19-04-2024,Bandra,73.9,100.6,34.4,44.4,73.9
20-04-2024,Bandra,57.9,92.3,12.4,26.5,57.9
21-04-2024,Bandra,36.1,67.6,38.9,66.8,100.2
22-04-2024,Bandra,72.8,107.8,10.6,33.5,72.8
23-04-2024,Bandra,44.2,68,23.7,34.3,51.5
24-04-2024,Bandra,20.4,57.9,16.4,42.9,64.3
25-04-2024,Bandra,101.5,122.3,4.8,36.6,101.5
26-04-2024,Bandra,82,131.6,15.2,46,82
27-04-2024,Bandra,50.7,79.6,46.2,22,92.3
28-04-2024,Bandra,65.1,99.8,33.7,41.2,67.4
29-04-2024,Bandra,66.2,92.2,27.2,35.9,66.2
30-04-2024,Bandra,72.4,98.7,28,39.6,72.4
01-05-2024,Bandra,82.5,112,10.8,55.1,82.7
02-05-2024,Bandra,41.9,65.3,20.2,56.5,84.7
03-05-2024,Bandra,17.3,78.7,33.4,42.7,66.9
04-05-2024,Bandra,58.9,91.8,29.2,47.7,71.6
05-05-2024,Bandra,71.1,102,23.4,38.2,71.1
06-05-2024,Bandra,56.1,97.4,29.7,4.7,59.5
07-05-2024,Bandra,73.1,105.1,24.9,35.3,73.1
08-05-2024,Bandra,82.5,122,18.8,44.9,82.5
09-05-2024,Bandra,40.6,56.8,20,50.3,75.5
10-05-2024,Bandra,79.1,114.2,30.8,46.2,79.1
11-05-2024,Bandra,47.2,81.5,31.4,49.1,73.6
12-05-2024,Bandra,83.8,120.9,27.8,52.8,83.8
13-05-2024,Bandra,59.5,80.7,23.7,31.1,59.5
14-05-2024,Bandra,46.5,75.1,18.7,36.3,54.5
15-05-2024,Bandra,22.1,54.3,25,30.2,50
16-05-2024,Bandra,73.2,112.6,12.1,30.8,73.2
17-05-2024,Bandra,44.6,65.2,31.6,37.7,63.3
18-05-2024,Bandra,54.7,64.7,30.1,25.1,60.2
19-05-2024,Bandra,61.2,94,35.9,24.3,71.8
20-05-2024,Bandra,-0.4,31.4,39.4,54.9,82.3
21-05-2024,Bandra,64.2,89.3,31.5,28.3,64.2
22-05-2024,Bandra,69.5,104.6,33.5,73.1,109.7
23-05-2024,Bandra,67.8,92.8,24.8,18.8,67.8
24-05-2024,Bandra,46.1,72,20.8,41.8,62.7
25-05-2024,Bandra,43.6,84.8,25,39.9,59.8
26-05-2024,Bandra,53.4,85,31.6,29.6,63.2
27-05-2024,Bandra,46.8,73.8,14.2,30.2,46.8
28-05-2024,Bandra,50.5,89.2,27.1,42.3,63.5
29-05-2024,Bandra,77,105.6,28.1,38.8,77
30-05-2024,Bandra,65.3,89.5,5.5,38.4,65.3
31-05-2024,Bandra,88.5,127.7,32.7,54.8,88.5
01-06-2024,Bandra,61.8,93.7,20.1,36.2,61.8
02-06-2024,Bandra,72.3,114.4,23.9,34.6,72.3
03-06-2024,Bandra,60,96,13.4,12.4,60
04-06-2024,Bandra,49,66.8,20.9,38.2,57.3
05-06-2024,Bandra,50.9,95.5,27.6,43.6,65.4
06-06-2024,Bandra,72.4,91.1,33.3,39.1,72.4
07-06-2024,Bandra,73.4,92.7,12.6,49.8,74.7
08-06-2024,Bandra,67.5,88.5,18,53.5,80.3
09-06-2024,Bandra,36.2,82.6,17.8,47.7,71.5
10-06-2024,Bandra,53.4,89.5,20.6,38,57.1
11-06-2024,Bandra,60.8,80.8,30.9,33.8,61.9
12-06-2024,Bandra,55.4,75.5,4.5,37.7,56.6
13-06-2024,Bandra,108.3,146.1,24.8,36.8,108.3
14-06-2024,Bandra,60.4,95.9,15.6,53.4,80.1
15-06-2024,Bandra,74.3,111.5,28.5,40.2,74.3
16-06-2024,Bandra,73.5,109.4,22.2,33.1,73.5
17-06-2024,Bandra,62,107.5,15.1,22.4,62
18-06-2024,Bandra,63.3,93.8,26.4,42.9,64.4
19-06-2024,Bandra,55.5,100.4,12.2,30.1,55.5
20-06-2024,Bandra,57.9,71.5,23.6,59.9,89.9
21-06-2024,Bandra,60.4,92.7,14.9,32.6,60.4
22-06-2024,Bandra,52.5,79.3,35.3,46.7,70.5
23-06-2024,Bandra,37.8,70.2,29,53.7,80.5
24-06-2024,Bandra,91.6,111.5,18.5,24.9,91.6
25-06-2024,Bandra,55.3,90,32.9,39.1,65.8
26-06-2024,Bandra,53.6,85.1,18.3,65.1,97.6
27-06-2024,Bandra,27.8,59.7,41.2,40.1,82.4
28-06-2024,Bandra,56.2,82.6,23.6,56.5,84.7
29-06-2024,Bandra,15.8,61.1,13.6,36.8,55.2
30-06-2024,Bandra,51.4,87.3,12.2,45.5,68.3
01-07-2024,Bandra,100.5,116.9,26.5,32.1,100.5
02-07-2024,Bandra,68.5,98.7,19.9,45.9,68.8
03-07-2024,Bandra,96.1,124.2,30.8,24.5,96.1
04-07-2024,Bandra,40.9,75.6,36.9,44.3,73.7
05-07-2024,Bandra,53.7,83.7,15,47.3,70.9
06-07-2024,Bandra,77.6,103.1,21.2,43.2,77.6
07-07-2024,Bandra,51.3,80.6,41.8,37,83.6
08-07-2024,Bandra,52.8,76.4,31,37.8,61.9
09-07-2024,Bandra,47,90.2,36.4,32.8,72.7
10-07-2024,Bandra,22.7,62.7,19.5,49.5,74.2
11-07-2024,Bandra,20.6,59.5,15.3,48.8,73.2
12-07-2024,Bandra,60.3,80.7,21.7,48.2,72.4
13-07-2024,Bandra,62.1,98,40.8,21.2,81.6
14-07-2024,Bandra,92.3,123.4,17.8,24,92.3
15-07-2024,Bandra,56.2,95.4,24,58.1,87.2
16-07-2024,Bandra,31,60.9,15,44.4,66.5
17-07-2024,Bandra,77.7,103.5,4.2,42.4,77.7
18-07-2024,Bandra,68.7,102.8,34.9,27.1,69.8
19-07-2024,Bandra,73.6,115.5,10.8,43.8,73.6
20-07-2024,Bandra,49.9,79.1,27.8,34.2,55.6
21-07-2024,Bandra,46.5,76.8,16.3,27,46.5
22-07-2024,Bandra,73.6,92.1,30.3,45.6,73.6
23-07-2024,Bandra,25.5,48.7,34.6,28.2,69.1
24-07-2024,Bandra,50.7,85.3,31.3,37,62.5
25-07-2024,Bandra,48,92.3,38.9,51.7,77.8
26-07-2024,Bandra,61.7,83.6,18.4,46.3,69.4
27-07-2024,Bandra,68.4,112.4,30.2,22,68.4
28-07-2024,Bandra,81,101.1,21.9,43,81
29-07-2024,Bandra,99.9,161,29.9,37.8,99.9
30-07-2024,Bandra,70.7,109.6,22.4,61.5,92.3
31-07-2024,Bandra,64.6,99.6,30.3,45.1,67.6
01-08-2024,Bandra,76.8,100.6,20.5,26.8,76.8
02-08-2024,Bandra,68.8,106.6,28.7,60.1,90.1
03-08-2024,Bandra,59.9,96.6,16.3,35.4,59.9
04-08-2024,Bandra,73.9,112.4,22.6,39.1,73.9
05-08-2024,Bandra,29.6,56.1,32.1,46.9,70.4
06-08-2024,Bandra,70,100.5,25.1,32.1,70
07-08-2024,Bandra,74,108.2,28.9,33.7,74
08-08-2024,Bandra,16.9,57.9,21.2,29.6,44.5
09-08-2024,Bandra,73.9,99.9,33.5,47.4,73.9
10-08-2024,Bandra,73.7,90,34.7,43.1,73.7
11-08-2024,Bandra,52.6,84,10.8,44.9,67.4
12-08-2024,Bandra,39.4,55.9,12.8,53.4,80
13-08-2024,Bandra,47.4,92.8,20.7,19.5,47.4
14-08-2024,Bandra,37.7,80,23.8,33.4,50.1
15-08-2024,Bandra,63.2,98.2,33.9,57.4,86.1
16-08-2024,Bandra,52.8,69.5,21.7,43.1,64.7
17-08-2024,Bandra,40.7,61.2,27.8,39.4,59.1
18-08-2024,Bandra,60.7,83.1,23.2,28.9,60.7
19-08-2024,Bandra,77.8,118.2,10.2,28.8,77.8
20-08-2024,Bandra,30.1,53.6,24.3,22.6,48.7
21-08-2024,Bandra,41.6,61.5,26.7,40.8,61.2
22-08-2024,Bandra,45.6,77.3,20.6,36.7,55.1
23-08-2024,Bandra,93.5,136.9,14.6,50,93.5
24-08-2024,Bandra,76.2,94.7,31.6,58.5,87.7
25-08-2024,Bandra,37.5,58.4,33.1,43.3,66.3
26-08-2024,Bandra,71,104.4,28.1,24.1,71
27-08-2024,Bandra,80.9,122.6,23.2,39.5,80.9
28-08-2024,Bandra,29.4,64.5,29.6,39.3,59.2
29-08-2024,Bandra,82.5,109.1,29.5,27.8,82.5
30-08-2024,Bandra,59.5,87.8,26.8,35.6,59.5
31-08-2024,Bandra,57.4,95.6,21.5,20.7,57.4
01-09-2024,Bandra,95,138.8,14.7,48.3,95
02-09-2024,Bandra,49.9,82.6,27.4,37.2,55.8
03-09-2024,Bandra,44.3,67.4,17.7,30,45
04-09-2024,Bandra,58.7,81.5,30.5,57.8,86.8
05-09-2024,Bandra,48.4,80.8,29,45.7,68.5
06-09-2024,Bandra,61.5,98.9,28.9,25.1,61.5
07-09-2024,Bandra,77.4,116.3,18.9,40.5,77.4
08-09-2024,Bandra,73.7,101.6,33.6,68.4,102.5
09-09-2024,Bandra,44.3,60.5,27.4,48.7,73
10-09-2024,Bandra,55.4,99.9,14.3,48.3,72.5
11-09-2024,Bandra,47.9,95.1,40.9,30.8,81.9
12-09-2024,Bandra,49,87.6,21.9,39.5,59.2
13-09-2024,Bandra,60.5,71.3,24.9,31.7,60.5
14-09-2024,Bandra,50.1,94.6,14.9,49.8,74.6
15-09-2024,Bandra,54.4,81.6,31.3,44.1,66.1
16-09-2024,Bandra,71.4,111.1,22.3,32.7,71.4
17-09-2024,Bandra,38.3,60,48.6,54.9,97.2
18-09-2024,Bandra,33,49.8,28.9,46.6,69.9
19-09-2024,Bandra,71,98.4,24,43.9,71
20-09-2024,Bandra,61.7,69.5,23.2,29.8,61.7
21-09-2024,Bandra,63.5,123.4,27.9,36.2,63.5
22-09-2024,Bandra,78.4,113.3,28.4,47.3,78.4
23-09-2024,Bandra,101.1,119.8,28.8,28.9,101.1
24-09-2024,Bandra,71.1,91.9,21.7,36.5,71.1
25-09-2024,Bandra,79.5,118.7,15,40.7,79.5
26-09-2024,Bandra,45.8,63.2,23.3,36.3,54.4
27-09-2024,Bandra,108.5,142.9,14,33.2,108.5
28-09-2024,Bandra,80.4,131.3,12.3,17.4,80.4
29-09-2024,Bandra,97.4,131.3,18.1,46.4,97.4
30-09-2024,Bandra,7.3,37.3,27.6,51.1,76.6
01-10-2024,Bandra,39.7,70.6,17.6,43.1,64.6
02-10-2024,Bandra,42.1,68,17,47.8,71.7
03-10-2024,Bandra,77.2,104.8,25.3,22.6,77.2
04-10-2024,Bandra,54,83.5,46,26.7,91.9
05-10-2024,Bandra,89.3,129.3,27.2,61.1,91.7
06-10-2024,Bandra,67.4,101.3,24.6,54.7,82
07-10-2024,Bandra,81.9,105.7,14.4,37.6,81.9
08-10-2024,Bandra,44,73.4,34.9,34.5,69.8
09-10-2024,Bandra,59.1,89.7,31.8,13,63.6
10-10-2024,Bandra,47.9,80,34.6,34.1,69.2
11-10-2024,Bandra,22.5,58.7,19.9,25.7,39.8
12-10-2024,Bandra,47.5,75.7,20.2,13.5,47.5
13-10-2024,Bandra,77.9,120.7,30.2,26.3,77.9
14-10-2024,Bandra,56,85.9,29.8,48,72
15-10-2024,Bandra,45.3,76.1,28.7,57.5,86.2
16-10-2024,Bandra,74.1,112,25.7,56.9,85.4
17-10-2024,Bandra,68.2,89.6,36.2,48.4,72.6
18-10-2024,Bandra,51.1,76.3,27.4,45.6,68.3
19-10-2024,Bandra,63.9,97.1,38.6,52.9,79.3
20-10-2024,Bandra,63.8,103.2,16.7,44.8,67.2
21-10-2024,Bandra,96.2,124,18.2,32.2,96.2
22-10-2024,Bandra,38.2,60.4,22,23.1,44.1
23-10-2024,Bandra,60.3,99.3,17.7,58.2,87.3
24-10-2024,Bandra,70.2,110.5,19.7,50.3,75.4
25-10-2024,Bandra,38.2,77.1,26.4,46.6,70
26-10-2024,Bandra,36.5,57.5,29.8,28.6,59.6
27-10-2024,Bandra,69.3,85.6,31.8,25.2,69.3
28-10-2024,Bandra,71,107.3,19.4,47,71
29-10-2024,Bandra,65.2,89.8,16.9,16.4,65.2
30-10-2024,Bandra,67,81.3,25.8,36.8,67
31-10-2024,Bandra,73.6,100.6,22.4,48.8,73.6
01-11-2024,Bandra,66.7,99.9,28.8,21.6,66.7
02-11-2024,Bandra,75.1,111.3,16.9,37.1,75.1
03-11-2024,Bandra,59.2,87.9,27.7,57.2,85.8
04-11-2024,Bandra,81.6,98.5,30,55.9,83.9
05-11-2024,Bandra,67.7,108.6,41.1,52.3,82.2
06-11-2024,Bandra,65,105.4,26.2,40.3,65
07-11-2024,Bandra,53,98.6,18.5,58.4,87.6
08-11-2024,Bandra,70,86,27.9,14.8,70
09-11-2024,Bandra,72.5,111.4,20.3,41.5,72.5
10-11-2024,Bandra,99.1,124,16.5,57.8,99.1
11-11-2024,Bandra,99.3,129.3,33.1,56.1,99.3
12-11-2024,Bandra,45.2,70.3,34.8,60.2,90.3
13-11-2024,Bandra,71.3,92.5,40.9,33.6,81.8
14-11-2024,Bandra,53.3,86.7,37.4,50.2,75.4
15-11-2024,Bandra,68.3,102.9,25.3,46.7,70
16-11-2024,Bandra,9.4,36.4,26.9,26.2,53.9
17-11-2024,Bandra,67.7,95.7,39,58.9,88.3
18-11-2024,Bandra,50.7,79.2,24.4,34.6,51.9
19-11-2024,Bandra,63.9,86.3,16,47.5,71.2
20-11-2024,Bandra,72.6,94.5,32.2,32.4,72.6
21-11-2024,Bandra,65.1,103.3,24.7,45.5,68.2
22-11-2024,Bandra,49.7,77.7,23.4,31,49.7
23-11-2024,Bandra,56.5,71,21.1,36.6,56.5
24-11-2024,Bandra,54.9,82.5,24.5,45.8,68.6
25-11-2024,Bandra,77.5,101,15.4,27.5,77.5
26-11-2024,Bandra,50.3,76.7,18.8,24.4,50.3
27-11-2024,Bandra,50.9,82.7,29.8,33.3,59.5
28-11-2024,Bandra,51.7,72.5,24.7,29.8,51.7
29-11-2024,Bandra,71.5,83.6,22.1,43.6,71.5
30-11-2024,Bandra,63.7,120.6,27.8,28,63.7
01-12-2024,Bandra,58.1,70.3,24.4,30,58.1
02-12-2024,Bandra,78.3,102.8,24.1,32.4,78.3
03-12-2024,Bandra,94.8,121.6,39.7,49.8,94.8
04-12-2024,Bandra,69.6,103.3,28.2,16.9,69.6
05-12-2024,Bandra,54.4,92.9,24.6,23.1,54.4
06-12-2024,Bandra,59,106,35,39.3,70
07-12-2024,Bandra,79,105.4,11.4,28.9,79
08-12-2024,Bandra,91.3,118.5,23.1,36.4,91.3
09-12-2024,Bandra,98.1,144.3,42.8,38.1,98.1
10-12-2024,Bandra,65.9,80.7,36.8,26,73.6
11-12-2024,Bandra,64.3,83.4,20.3,30,64.3
12-12-2024,Bandra,47.8,72.5,20.6,50,75
13-12-2024,Bandra,37.9,70.1,34.7,33.8,69.5
14-12-2024,Bandra,45.6,73.3,34.4,42.3,68.9
15-12-2024,Bandra,49.4,84.2,16.2,48.2,72.3
16-12-2024,Bandra,68.2,95.1,18.3,29.4,68.2
17-12-2024,Bandra,70.7,113,19.9,45.5,70.7
18-12-2024,Bandra,18.3,42.4,24.8,29.1,49.5
19-12-2024,Bandra,41.3,64.6,27.3,37.8,56.6
20-12-2024,Bandra,15.2,24,20.1,45.5,68.2
21-12-2024,Bandra,5,30.1,20.8,56.7,85
22-12-2024,Bandra,52.3,86.1,26.1,14.4,52.3
23-12-2024,Bandra,75.4,107.5,29.1,87.1,130.7
24-12-2024,Bandra,18.3,65.6,22.7,43.4,65.2
25-12-2024,Bandra,59.1,84.8,20.4,44,65.9
26-12-2024,Bandra,29.7,67.2,21.7,26.4,43.3
27-12-2024,Bandra,51,93.6,20.7,44.3,66.5
28-12-2024,Bandra,45.4,83,30.5,62.2,93.3
29-12-2024,Bandra,56.5,93.2,25.8,55.6,83.3
30-12-2024,Bandra,45.6,83.1,23.4,39.2,58.8
31-12-2024,Bandra,61.8,94.4,24.1,42.6,63.9
01-01-2024,Kurla,91.6,131.4,32,34.5,91.6
02-01-2024,Kurla,42.2,81.8,32,57.7,86.5
03-01-2024,Kurla,47.9,75.6,11.9,35.3,52.9
04-01-2024,Kurla,79.9,105.3,30.1,37.7,79.9
05-01-2024,Kurla,66.5,85,25.7,4.1,66.5
06-01-2024,Kurla,56.3,70,34.6,49.3,74
07-01-2024,Kurla,69.3,114.5,17.4,61,91.5
08-01-2024,Kurla,78.6,106.3,34.1,26.7,78.6
09-01-2024,Kurla,43.5,67.4,20.8,27.3,43.5
10-01-2024,Kurla,84.5,111.9,27.8,33.2,84.5
11-01-2024,Kurla,23.6,56.3,9.7,39.2,58.8
12-01-2024,Kurla,32.6,82.5,32.3,41.3,64.6
13-01-2024,Kurla,85.3,106.8,29.3,42.4,85.3
14-01-2024,Kurla,65.3,108,30.9,43.5,65.3
15-01-2024,Kurla,26.9,47.3,24,41.1,61.7
16-01-2024,Kurla,37.4,91.5,37.1,47.2,74.3
17-01-2024,Kurla,61.4,89.3,17.4,40.9,61.4
18-01-2024,Kurla,65.2,82.7,27.7,38.1,65.2
19-01-2024,Kurla,21.8,43.2,21.7,62.7,94
20-01-2024,Kurla,71.1,87.8,28.9,21.4,71.1
21-01-2024,Kurla,81.7,106.9,24.3,55.9,83.9
22-01-2024,Kurla,34.3,50.3,20.3,52.5,78.7
23-01-2024,Kurla,29.6,31.3,21.4,46.6,69.9
24-01-2024,Kurla,84,109.4,21.7,53.8,84
25-01-2024,Kurla,22.6,48.7,26.5,45.4,68.1
26-01-2024,Kurla,49.8,80.1,5.1,32.1,49.8
27-01-2024,Kurla,69.1,89.2,25.5,45.4,69.1
28-01-2024,Kurla,53.1,84.9,17.3,37.5,56.3
29-01-2024,Kurla,72.2,103.8,20.3,42.7,72.2
30-01-2024,Kurla,74.3,83.8,34.3,36,74.3
31-01-2024,Kurla,68.5,110.5,14,31.5,68.5
01-02-2024,Kurla,54.2,76.4,38.9,29.7,77.8
02-02-2024,Kurla,48.9,80.9,15.4,35.3,52.9
03-02-2024,Kurla,66.3,93,24.3,33.6,66.3
04-02-2024,Kurla,29.7,62.9,39,40.2,78.1
05-02-2024,Kurla,64.5,101.4,14.8,60.4,90.6
06-02-2024,Kurla,64,110.4,19.1,61.8,92.7
07-02-2024,Kurla,75.5,111,26.9,37,75.5
08-02-2024,Kurla,84,115.4,9.3,26.6,84
09-02-2024,Kurla,56.3,89.4,24.5,54.6,81.9
10-02-2024,Kurla,21,52.4,10.5,49.1,73.7
11-02-2024,Kurla,58.1,92.3,18.1,55.4,83
12-02-2024,Kurla,80.8,116.7,24,47,80.8
13-02-2024,Kurla,45.9,84.4,38.2,52.8,79.3
14-02-2024,Kurla,45.4,79,14.7,46.9,70.3
15-02-2024,Kurla,69,80.3,15.7,36.6,69
16-02-2024,Kurla,54,71.9,28.1,43,64.5
17-02-2024,Kurla,56.1,78.6,33.4,59.9,89.8
18-02-2024,Kurla,50.3,74.2,28.9,35.7,57.9
19-02-2024,Kurla,57.2,94.6,9.7,55.8,83.7
20-02-2024,Kurla,61.5,87.3,24.3,39.5,61.5
21-02-2024,Kurla,25.4,70.3,25.3,45.3,68
22-02-2024,Kurla,79,98.8,28.8,36.8,79
23-02-2024,Kurla,76.9,85.7,24.2,32.8,76.9
24-02-2024,Kurla,68.6,103.3,19.3,31.5,68.6
25-02-2024,Kurla,57.8,78.8,31.7,35.6,63.5
26-02-2024,Kurla,1.9,28.1,16.7,20.4,33.4
27-02-2024,Kurla,35.3,66.3,35.6,43.8,71.3
28-02-2024,Kurla,47.9,82.4,21.3,31.7,47.9
29-02-2024,Kurla,36.9,49.4,21.9,41.9,62.8
01-03-2024,Kurla,58.1,83.9,17.4,47.3,70.9
02-03-2024,Kurla,33.7,71.4,17,31,46.5
03-03-2024,Kurla,30.7,55.7,32.8,46.2,69.3
04-03-2024,Kurla,79.6,114.8,16.2,36,79.6
05-03-2024,Kurla,44.4,87.7,15.4,50.7,76.1
06-03-2024,Kurla,77.9,126.2,21.7,48.5,77.9
07-03-2024,Kurla,105.6,129.5,12.7,17.4,105.6
08-03-2024,Kurla,74.3,85.4,22,45.2,74.3
09-03-2024,Kurla,63.7,98,26.8,55.3,83
10-03-2024,Kurla,41,64.2,18.8,50,74.9
11-03-2024,Kurla,78,112.5,34.5,25.9,78
12-03-2024,Kurla,93.3,138.6,30.9,61.4,93.3
13-03-2024,Kurla,26.9,51.6,19.1,48.7,73
14-03-2024,Kurla,39,76.6,36,48.3,72.5
15-03-2024,Kurla,65.7,85.8,18.2,55,82.5
16-03-2024,Kurla,75.6,105.2,21.7,15.7,75.6
17-03-2024,Kurla,38.6,87.7,14.8,42.3,63.4
18-03-2024,Kurla,80.1,97.6,26.5,51.3,80.1
19-03-2024,Kurla,60.2,118.9,11.7,52.7,79.1
20-03-2024,Kurla,56.5,94.3,28.5,31.2,57.1
21-03-2024,Kurla,64.6,76,29.8,43.6,65.4
22-03-2024,Kurla,72.8,113.4,27.9,41.8,72.8
23-03-2024,Kurla,42.4,65.3,34.5,57.2,85.9
24-03-2024,Kurla,55.2,85.7,17.8,54.1,81.1
25-03-2024,Kurla,73.3,122.7,18,35.5,73.3
26-03-2024,Kurla,64.6,101.1,23.3,29.5,64.6
27-03-2024,Kurla,77.6,114.8,17.7,56.3,84.4
28-03-2024,Kurla,83.4,114.7,25.6,46.6,83.4
29-03-2024,Kurla,42.8,73.1,7.8,50.5,75.8
30-03-2024,Kurla,28.8,73.8,22.4,37.5,56.2
31-03-2024,Kurla,47.4,74.6,36.3,10.1,72.7
01-04-2024,Kurla,85.5,118.9,15.3,27.1,85.5
02-04-2024,Kurla,93.5,114.1,15.8,53.6,93.5
03-04-2024,Kurla,66.8,87.4,26.7,27.7,66.8
04-04-2024,Kurla,82,122.6,29.3,44.3,82
05-04-2024,Kurla,95.2,125.2,15.5,45.4,95.2
06-04-2024,Kurla,101.7,121.6,22.1,45,101.7
07-04-2024,Kurla,58.9,79.1,34,67.8,101.8
08-04-2024,Kurla,63.9,84.9,12.6,43.1,64.6
09-04-2024,Kurla,82.1,116.8,25,32.9,82.1
10-04-2024,Kurla,38.2,76.5,32.3,21.5,64.6
11-04-2024,Kurla,91.8,127.5,36.2,23.9,91.8
12-04-2024,Kurla,32.7,61.2,29,61.6,92.3
13-04-2024,Kurla,74.1,101.7,16.8,54.8,82.1
14-04-2024,Kurla,40.7,87,22.7,59.1,88.6
15-04-2024,Kurla,73.6,102.2,20.8,35.9,73.6
16-04-2024,Kurla,68.6,99.3,20.2,38,68.6
17-04-2024,Kurla,61.6,70.3,28.7,28.2,61.6
18-04-2024,Kurla,36.9,50.1,10.6,23.7,36.9
19-04-2024,Kurla,45.8,95.4,20.8,42.1,63.2
20-04-2024,Kurla,68,99.3,24.4,25.7,68
21-04-2024,Kurla,89,137.1,11.5,27.7,89
22-04-2024,Kurla,54.4,74.8,29,31.3,58.1
23-04-2024,Kurla,103.3,145.2,26.7,52.3,103.3
24-04-2024,Kurla,82.1,106.5,18.5,40.9,82.1
25-04-2024,Kurla,77.2,108.6,12.4,30.4,77.2
26-04-2024,Kurla,58.5,87.8,40.8,23.4,81.6
27-04-2024,Kurla,70.1,115,43.2,35.1,86.3
28-04-2024,Kurla,69.8,105.5,26.6,38.8,69.8
29-04-2024,Kurla,68.7,73.4,30.5,41.5,68.7
30-04-2024,Kurla,55.6,106,19.6,35.2,55.6
01-05-2024,Kurla,99.8,121.5,20.6,38.2,99.8
02-05-2024,Kurla,76.8,108.9,14.7,33.6,76.8
03-05-2024,Kurla,47.9,77.1,28.4,45,67.5
04-05-2024,Kurla,24.5,65.1,27,56.6,84.9
05-05-2024,Kurla,68.9,109.9,28.7,56.2,84.2
06-05-2024,Kurla,70.4,99.5,43.2,50.7,86.4
07-05-2024,Kurla,71.5,88.7,14.7,43.5,71.5
08-05-2024,Kurla,62.9,86.8,26.1,59.1,88.6
09-05-2024,Kurla,73.9,92.5,24.1,30.3,73.9
10-05-2024,Kurla,52.2,78.1,21.2,24.9,52.2
11-05-2024,Kurla,57.4,81.8,1.6,64.6,97
12-05-2024,Kurla,81.8,108,25.2,25.9,81.8
13-05-2024,Kurla,93.9,142.9,26.3,52.3,93.9
14-05-2024,Kurla,63.5,80.1,21.7,41.6,63.5
15-05-2024,Kurla,50.9,78.7,24.3,39,58.5
16-05-2024,Kurla,61,80.4,19.3,24.6,61
17-05-2024,Kurla,79.6,88.5,34.2,56.6,85
18-05-2024,Kurla,54,57.9,22.1,39.2,58.8
19-05-2024,Kurla,39.8,64.6,37.2,48,74.5
20-05-2024,Kurla,41.5,55.5,22.4,37.4,56.2
21-05-2024,Kurla,69.9,94.6,29.1,63.2,94.8
22-05-2024,Kurla,76.3,105.8,23.5,35.7,76.3
23-05-2024,Kurla,83.6,107.3,25.4,40.6,83.6
24-05-2024,Kurla,50,66.2,27.6,39.3,58.9
25-05-2024,Kurla,70,94.7,34.8,29.5,70
26-05-2024,Kurla,94.2,106.8,28.5,45.7,94.2
27-05-2024,Kurla,44.1,78.3,35.2,13.4,70.5
28-05-2024,Kurla,70.1,75.1,17.3,59.5,89.3
29-05-2024,Kurla,48.4,66.6,23.4,64.8,97.2
30-05-2024,Kurla,23.4,42.9,37,62.3,93.4
31-05-2024,Kurla,57.9,75.5,41.8,59.1,88.7
01-06-2024,Kurla,73.6,95.5,24.6,38.1,73.6
02-06-2024,Kurla,66.6,111.1,32,27.1,66.6
03-06-2024,Kurla,87.5,120.7,30.5,57.6,87.5
04-06-2024,Kurla,37.8,67.4,20.7,21.2,41.5
05-06-2024,Kurla,66.9,122,10.3,39.6,66.9
06-06-2024,Kurla,72.8,104,24.1,24.4,72.8
07-06-2024,Kurla,64.7,87.1,7.5,54.3,81.5
08-06-2024,Kurla,79.2,109.7,26.8,52.9,79.3
09-06-2024,Kurla,64.5,103.5,22.6,55.7,83.6
10-06-2024,Kurla,66.4,98.4,14.8,43.4,66.4
11-06-2024,Kurla,43.4,67,18.5,27.2,43.4
12-06-2024,Kurla,102.5,145.8,40.4,25.3,102.5
13-06-2024,Kurla,61.4,78.5,19.4,29,61.4
14-06-2024,Kurla,84.8,110.8,33.5,47.2,84.8
15-06-2024,Kurla,106.1,121.3,35.1,53.8,106.1
16-06-2024,Kurla,40.5,80.6,27.7,37.3,55.9
17-06-2024,Kurla,43.5,66.3,41.4,40,82.8
18-06-2024,Kurla,75.6,97.7,18.8,53,79.5
19-06-2024,Kurla,33,58.9,25.3,41.3,62
20-06-2024,Kurla,56.4,90.4,30.5,48.8,73.2
21-06-2024,Kurla,40.3,67.4,34.6,50.7,76.1
22-06-2024,Kurla,32.5,66.1,9.2,40.6,60.8
23-06-2024,Kurla,98,118.5,18.3,49.2,98
24-06-2024,Kurla,29.1,52.8,29.8,32.4,59.5
25-06-2024,Kurla,55.3,92.7,28.4,43.2,64.8
26-06-2024,Kurla,53.2,86.9,24,45.5,68.2
27-06-2024,Kurla,50.1,78.2,17.1,39.6,59.4
28-06-2024,Kurla,43.8,62.6,27.1,42.6,63.8
29-06-2024,Kurla,75.7,101.3,28.3,46.6,75.7
30-06-2024,Kurla,68.9,90.6,26.2,44.4,68.9
01-07-2024,Kurla,60.1,69.3,26.3,66.6,99.8
02-07-2024,Kurla,52.8,75.5,28,43.7,65.6
03-07-2024,Kurla,83.9,101.3,30.9,47.1,83.9
04-07-2024,Kurla,57.2,90.5,33.2,50.5,75.7
05-07-2024,Kurla,37.1,75.3,24.5,40.9,61.3
06-07-2024,Kurla,61.5,90,34.5,39,69.1
07-07-2024,Kurla,37.6,63.7,26.4,54.8,82.1
08-07-2024,Kurla,72.1,93.6,44.9,43.2,89.8
09-07-2024,Kurla,85.5,114,29.3,50.1,85.5
10-07-2024,Kurla,84.4,124.9,32,36.2,84.4
11-07-2024,Kurla,48.6,81.9,32.5,37.3,64.9
12-07-2024,Kurla,81.3,125.8,17.7,30,81.3
13-07-2024,Kurla,57.2,90.3,20.8,56.2,84.3
14-07-2024,Kurla,68.5,98.9,13.5,24.2,68.5
15-07-2024,Kurla,65.6,74.3,33.1,38.1,66.2
16-07-2024,Kurla,124.9,177.9,23.5,38.7,124.9
17-07-2024,Kurla,79.9,126.9,11.9,18.6,79.9
18-07-2024,Kurla,47.6,83.4,29,52.8,79.3
19-07-2024,Kurla,36,42.8,31.9,30.1,63.7
20-07-2024,Kurla,19.6,51.1,31.3,38.5,62.7
21-07-2024,Kurla,50.8,79.2,22,23.8,50.8
22-07-2024,Kurla,45.7,80.9,27.6,42,63
23-07-2024,Kurla,40.1,68.3,7.6,42.1,63.2
24-07-2024,Kurla,88.6,103.8,20.3,43.9,88.6
25-07-2024,Kurla,85.1,110.6,19.5,16.4,85.1
26-07-2024,Kurla,62.1,112.5,27.2,39.7,62.1
27-07-2024,Kurla,66.4,96.3,18.5,49.9,74.8
28-07-2024,Kurla,64.5,94.7,17.2,55.6,83.5
29-07-2024,Kurla,73.3,97.8,33,34,73.3
30-07-2024,Kurla,44.4,66.8,10.8,45.7,68.5
31-07-2024,Kurla,23.4,41.1,8.4,39,58.5
01-08-2024,Kurla,57,83.7,16.7,25.9,57
02-08-2024,Kurla,69.3,93.8,27.5,29.4,69.3
03-08-2024,Kurla,63.6,106.7,29.7,35.1,63.6
04-08-2024,Kurla,65.1,92.7,25.1,36.1,65.1
05-08-2024,Kurla,56.7,88.8,17.1,27.8,56.7
06-08-2024,Kurla,32.2,46.2,15.3,41.9,62.9
07-08-2024,Kurla,42.1,77.3,25.3,16.4,50.6
08-08-2024,Kurla,73.1,111.2,17,45,73.1
09-08-2024,Kurla,42.9,73.8,14.9,18.5,42.9
10-08-2024,Kurla,52.3,81.1,21.8,25.8,52.3
11-08-2024,Kurla,52,84.7,24.6,42.2,63.3
12-08-2024,Kurla,46.6,88.3,15.6,45.9,68.8
13-08-2024,Kurla,83.6,118.4,23.4,33.7,83.6
14-08-2024,Kurla,80.7,96.5,17.2,35.2,80.7
15-08-2024,Kurla,84.8,118.6,17.3,36.3,84.8
16-08-2024,Kurla,47.7,70.6,32.8,23.5,65.7
17-08-2024,Kurla,92.2,130.5,33.7,34.4,92.2
18-08-2024,Kurla,57,72.7,20.8,45.9,68.9
19-08-2024,Kurla,85.9,104.8,22.1,38.2,85.9
20-08-2024,Kurla,32.1,68,19.2,37.7,56.5
21-08-2024,Kurla,51,73.1,24.9,37.4,56.1
22-08-2024,Kurla,52.6,75.3,27.6,59.8,89.8
23-08-2024,Kurla,62.8,102.8,13.9,41.9,62.8
24-08-2024,Kurla,38.1,53.3,19.1,54.3,81.5
25-08-2024,Kurla,79,111.4,12.7,37.6,79
26-08-2024,Kurla,66,97.8,10.2,29.3,66
27-08-2024,Kurla,58.7,94.1,7.4,38.1,58.7
28-08-2024,Kurla,62.9,101.4,30.5,47,70.5
29-08-2024,Kurla,44,54.9,21.9,52,78
30-08-2024,Kurla,87.9,125,28.4,44.6,87.9
31-08-2024,Kurla,48.9,77.6,38.4,28.7,76.7
01-09-2024,Kurla,92.3,119.1,35.6,23.1,92.3
02-09-2024,Kurla,71.7,94.4,13.7,42.6,71.7
03-09-2024,Kurla,80.2,101.7,13,38.9,80.2
04-09-2024,Kurla,58.3,93.7,32.6,39.3,65.2
05-09-2024,Kurla,97.1,129.4,22.2,20.7,97.1
06-09-2024,Kurla,54.7,81.4,32.7,45.5,68.3
07-09-2024,Kurla,36.4,68.1,30.4,58.3,87.5
08-09-2024,Kurla,77.8,115.4,25.5,44.7,77.8
09-09-2024,Kurla,85,101.7,22.2,30.7,85
10-09-2024,Kurla,67.6,109.9,20.2,11.3,67.6
11-09-2024,Kurla,51.8,90.9,29.3,45.1,67.7
12-09-2024,Kurla,54.4,71.6,29.1,30,58.2
13-09-2024,Kurla,103.7,139.4,20.4,32.7,103.7
14-09-2024,Kurla,58.1,85.7,33.9,42.2,67.9
15-09-2024,Kurla,45.4,94.3,25.4,49.2,73.8
16-09-2024,Kurla,47.8,81.5,27.5,17.3,55
17-09-2024,Kurla,100.3,143.2,21.8,26.8,100.3
18-09-2024,Kurla,67,97.8,27.8,42.3,67
19-09-2024,Kurla,70.1,114.6,29.5,27.4,70.1
20-09-2024,Kurla,87.3,133.7,50.2,26.5,100.4
21-09-2024,Kurla,64.9,74,29.4,33.4,64.9
22-09-2024,Kurla,98.5,120.7,11.5,34.3,98.5
23-09-2024,Kurla,20.5,58,8.5,40.3,60.5
24-09-2024,Kurla,18.4,45.2,38.1,44.3,76.3
25-09-2024,Kurla,42.7,72.4,25.1,45.7,68.5
26-09-2024,Kurla,32.7,68.6,3.4,32.4,48.7
27-09-2024,Kurla,50.2,86.6,25.2,23.1,50.4
28-09-2024,Kurla,40.3,72.3,24.4,33.1,49.6
29-09-2024,Kurla,50.4,87.3,20.9,38.9,58.4
30-09-2024,Kurla,103.4,119.2,10.2,49.4,103.4
01-10-2024,Kurla,46.4,73.2,18.8,36.9,55.3
02-10-2024,Kurla,92,130,31.9,23,92
03-10-2024,Kurla,37,38.6,18.5,51.5,77.2
04-10-2024,Kurla,70.3,98.1,24.8,31.7,70.3
05-10-2024,Kurla,64.1,101.8,12.1,43.6,65.4
06-10-2024,Kurla,78.6,104.5,30.6,73.8,110.7
07-10-2024,Kurla,57.9,91.8,19.1,42.2,63.3
08-10-2024,Kurla,69.2,101.2,16.8,42.5,69.2
09-10-2024,Kurla,89.2,123.7,32.7,37.2,89.2
10-10-2024,Kurla,75,107.8,17.4,43.8,75
11-10-2024,Kurla,40.2,63.8,26.5,43.6,65.4
12-10-2024,Kurla,36.2,76.8,29.6,31.5,59.2
13-10-2024,Kurla,29.2,57.8,21.4,41.4,62
14-10-2024,Kurla,52.7,62.7,21.9,36.3,54.5
15-10-2024,Kurla,72.7,95.7,38.4,17.1,76.9
16-10-2024,Kurla,86.2,114,31.9,41,86.2
17-10-2024,Kurla,82.8,108.9,16.2,57,85.6
18-10-2024,Kurla,57.7,89.9,34.9,27.6,69.8
19-10-2024,Kurla,71.9,96,23.9,40.9,71.9
20-10-2024,Kurla,30,52.2,35.8,50.6,76
21-10-2024,Kurla,58.7,91.2,22.6,56.3,84.4
22-10-2024,Kurla,56,88.3,34.2,30.7,68.3
23-10-2024,Kurla,91.2,105.9,38,35.5,91.2
24-10-2024,Kurla,55.1,66.2,21.4,27.5,55.1
25-10-2024,Kurla,47.8,76.5,32.7,42.5,65.3
26-10-2024,Kurla,66.2,85.2,18,61.6,92.4
27-10-2024,Kurla,45.3,91.9,23.1,40,60
28-10-2024,Kurla,81.4,124.1,24.1,35.3,81.4
29-10-2024,Kurla,58.9,92.3,32.1,40.1,64.3
30-10-2024,Kurla,72.4,118.8,28.1,43.7,72.4
31-10-2024,Kurla,29.6,33.3,28.1,38.9,58.3
01-11-2024,Kurla,49.7,82.1,24.5,53.5,80.3
02-11-2024,Kurla,61.7,84.3,32.9,37.4,65.8
03-11-2024,Kurla,70.5,95.8,19.8,41,70.5
04-11-2024,Kurla,60.3,95.1,22.9,18,60.3
05-11-2024,Kurla,51.3,89.3,22.6,37,55.6
06-11-2024,Kurla,79.7,102.6,12.7,38.1,79.7
07-11-2024,Kurla,50.3,70.7,23.6,45.9,68.8
08-11-2024,Kurla,59.8,92.9,39.5,35.9,79
09-11-2024,Kurla,65.6,90.5,18.2,33,65.6
10-11-2024,Kurla,50.4,84,43.8,31.4,87.6
11-11-2024,Kurla,51.7,81,28.2,43.2,64.7
12-11-2024,Kurla,85.7,91.4,5.9,34,85.7
13-11-2024,Kurla,81.9,96.3,0.9,46.9,81.9
14-11-2024,Kurla,64.9,84,17.1,28.4,64.9
15-11-2024,Kurla,62.2,85.9,29,5.7,62.2
16-11-2024,Kurla,42.9,61.6,22.9,33.5,50.3
17-11-2024,Kurla,76,87.4,25.4,46.7,76
18-11-2024,Kurla,97.1,122.3,27.6,18.4,97.1
19-11-2024,Kurla,12.2,50.6,25,54.1,81.2
20-11-2024,Kurla,32.5,67.7,40,45,79.9
21-11-2024,Kurla,65.5,95.6,12.4,56.3,84.4
22-11-2024,Kurla,47.8,82.8,12.5,25.8,47.8
23-11-2024,Kurla,88.7,115.2,36.6,39.1,88.7
24-11-2024,Kurla,23.2,62.1,20.3,48.4,72.6
25-11-2024,Kurla,60.5,75.1,26.3,66.4,99.5
26-11-2024,Kurla,69.9,99.3,33.6,42.5,69.9
27-11-2024,Kurla,64.2,83.3,26.9,52.4,78.6
28-11-2024,Kurla,43.3,87.5,24.3,29.3,48.5
29-11-2024,Kurla,80,107.1,31.1,36.5,80
30-11-2024,Kurla,58.8,93.7,27.3,16.1,58.8
01-12-2024,Kurla,37.6,76.9,23.9,33.7,50.6
02-12-2024,Kurla,32.8,52,8.8,38.8,58.2
03-12-2024,Kurla,48,68.4,24.5,44.4,66.6
04-12-2024,Kurla,101.9,116.7,34.3,51.7,101.9
05-12-2024,Kurla,44.4,76.5,21.3,42.2,63.3
06-12-2024,Kurla,90.2,126.2,29.1,34.8,90.2
07-12-2024,Kurla,30.3,58.2,34.7,21.7,69.3
08-12-2024,Kurla,38.9,70.2,17.1,30.5,45.7
09-12-2024,Kurla,51.5,67.9,17.2,48.4,72.7
10-12-2024,Kurla,33.9,47.9,20,48.8,73.2
11-12-2024,Kurla,56.1,81.4,25.4,19.1,56.1
12-12-2024,Kurla,69.9,103.7,21.7,52.1,78.1
13-12-2024,Kurla,37.5,78.7,26.2,36,53.9
14-12-2024,Kurla,59.6,88.5,34.8,27.1,69.5
15-12-2024,Kurla,44.7,85.1,20.2,50.8,76.2
16-12-2024,Kurla,94,120,30.5,26.2,94
17-12-2024,Kurla,75.1,107.1,28.8,32.3,75.1
18-12-2024,Kurla,26.8,61.8,8.5,36.2,54.3
19-12-2024,Kurla,78.8,110.7,40.6,52.3,81.2
20-12-2024,Kurla,46.9,77.2,24.6,21,49.2
21-12-2024,Kurla,41.2,65.6,8.7,40.6,60.9
22-12-2024,Kurla,55,68.3,28.2,48.6,72.9
23-12-2024,Kurla,64.5,91.3,29.7,48.2,72.2
24-12-2024,Kurla,66.1,87.9,27.2,54.3,81.5
25-12-2024,Kurla,48.1,99,20.8,40.4,60.6
26-12-2024,Kurla,46.6,78.8,11.1,33.4,50.2
27-12-2024,Kurla,38.2,69.5,33,47.8,71.6
28-12-2024,Kurla,12.6,63,27.4,30.7,54.7
29-12-2024,Kurla,63.1,94.9,19.7,42.4,63.6
30-12-2024,Kurla,47.9,73.8,19.5,22.8,47.9
31-12-2024,Kurla,62.9,98.8,29.1,49.8,74.8
01-01-2024,Powai,66.5,91.2,31.7,23.7,66.5
02-01-2024,Powai,42,62.3,33.6,51.3,77
03-01-2024,Powai,69.7,110.5,18,44.2,69.7
04-01-2024,Powai,57.5,96,24.1,35.4,57.5
05-01-2024,Powai,70.8,109.6,19.7,39.3,70.8
06-01-2024,Powai,38.8,43.9,26.6,47.3,71
07-01-2024,Powai,65.2,75.7,22.2,13.4,65.2
08-01-2024,Powai,87.4,106.5,35,51.4,87.4
09-01-2024,Powai,42,60.7,27.8,29.9,55.6
10-01-2024,Powai,62,87.2,10.8,13.2,62
11-01-2024,Powai,64.5,88.9,20.6,48.4,72.5
12-01-2024,Powai,83.5,110.7,22.3,46,83.5
13-01-2024,Powai,32.9,65.1,29.4,48.2,72.2
14-01-2024,Powai,21.3,43.7,18,41.2,61.8
15-01-2024,Powai,69.6,114.6,21,34,69.6
16-01-2024,Powai,83,116,35.1,43.5,83
17-01-2024,Powai,36.9,53.5,12.6,47.9,71.9
18-01-2024,Powai,83.8,132.3,31.7,54,83.8
19-01-2024,Powai,48.4,66.8,31.8,45,67.5
20-01-2024,Powai,62.1,96,27.6,55.4,83.1
21-01-2024,Powai,85.9,121.3,31.8,46.2,85.9
22-01-2024,Powai,50.8,88.3,13.8,52.6,79
23-01-2024,Powai,36.1,69,18.2,46.6,70
24-01-2024,Powai,59.3,73.4,28.4,33.1,59.3
25-01-2024,Powai,77.6,107.6,28.2,28.5,77.6
26-01-2024,Powai,48.2,73.6,31.9,60.1,90.2
27-01-2024,Powai,43.9,84.7,7.6,25.7,43.9
28-01-2024,Powai,40.8,57.3,12.3,45,67.4
29-01-2024,Powai,55.7,89.5,30.5,43.2,64.8
30-01-2024,Powai,73.2,102.5,15.5,52.7,79
31-01-2024,Powai,48.2,68.9,23.6,29,48.2
01-02-2024,Powai,51.7,85.1,27.8,29.2,55.6
02-02-2024,Powai,50.2,91,29,64.9,97.4
03-02-2024,Powai,83.6,125,13.9,49.2,83.6
04-02-2024,Powai,58.9,83.4,26.3,51.3,77
05-02-2024,Powai,70,91.2,30.9,32.3,70
06-02-2024,Powai,64.3,91.3,23.2,49.2,73.8
07-02-2024,Powai,39.2,88.6,10.4,32.8,49.2
08-02-2024,Powai,67.4,103.2,24.2,39.3,67.4
09-02-2024,Powai,68.2,95.9,36.1,50.1,75.1
10-02-2024,Powai,77.5,97.8,24.4,36.4,77.5
11-02-2024,Powai,39.9,73.5,20.7,47.9,71.8
12-02-2024,Powai,38.6,85.8,17.8,42.6,63.9
13-02-2024,Powai,75.8,100.1,31.8,25.2,75.8
14-02-2024,Powai,89,119.2,20.2,36.4,89
15-02-2024,Powai,76.2,100.3,19,37.3,76.2
16-02-2024,Powai,36.5,84.7,20.5,50,75
17-02-2024,Powai,64.2,84.3,25,49.4,74.1
18-02-2024,Powai,56.2,98.2,33.2,51,76.5
19-02-2024,Powai,50.8,70,20.1,42.4,63.5
20-02-2024,Powai,70.9,79.2,24.9,41.9,70.9
21-02-2024,Powai,54.4,97.4,28.4,55.7,83.6
22-02-2024,Powai,55.7,95.1,38.1,55.7,83.6
23-02-2024,Powai,38.2,65.6,22.2,45.9,68.8
24-02-2024,Powai,73.7,95.3,25.5,15.8,73.7
25-02-2024,Powai,88.8,113.7,25.4,36.3,88.8
26-02-2024,Powai,82.9,84.5,24.9,38.7,82.9
27-02-2024,Powai,50.9,98.2,17.9,49.3,73.9
28-02-2024,Powai,67.1,109.7,19.7,31.2,67.1
29-02-2024,Powai,81.9,116.2,12.6,33.5,81.9
01-03-2024,Powai,67.7,106.1,19.6,5,67.7
02-03-2024,Powai,70.5,88.3,8.9,6,70.5
03-03-2024,Powai,76.3,107.6,23.2,56.7,85
04-03-2024,Powai,72.7,118.9,13.9,39.6,72.7
05-03-2024,Powai,27.7,55.4,23,47.5,71.3
06-03-2024,Powai,60.9,97.1,30.6,65.9,98.8
07-03-2024,Powai,53.7,74.3,27,30.4,53.9
08-03-2024,Powai,89.6,116.8,20.5,34.3,89.6
09-03-2024,Powai,74.4,102.8,19.9,60,90
10-03-2024,Powai,42.9,73.2,30.2,20.4,60.4
11-03-2024,Powai,69.6,89.1,31.6,28.4,69.6
12-03-2024,Powai,73.9,114.9,31.9,43,73.9
13-03-2024,Powai,55.4,79.6,36.8,31.6,73.5
14-03-2024,Powai,39.3,75.9,18.6,28.6,42.9
15-03-2024,Powai,31.1,56.3,24.3,42.9,64.4
16-03-2024,Powai,79,114.3,23.5,37.6,79
17-03-2024,Powai,70.2,112.9,26,34.4,70.2
18-03-2024,Powai,40.1,55.7,30.3,46.9,70.4
19-03-2024,Powai,71.5,100.3,36.3,34.2,72.5
20-03-2024,Powai,79.1,108.7,20.1,47.1,79.1
21-03-2024,Powai,68.2,101.8,25.7,39.5,68.2
22-03-2024,Powai,107.8,149.6,30.8,41.3,107.8
23-03-2024,Powai,80.1,115.3,25.2,36.4,80.1
24-03-2024,Powai,58.4,56.7,26.7,34.1,58.4
25-03-2024,Powai,91.9,122,15.5,39.4,91.9
26-03-2024,Powai,39.1,73.8,27.3,51.5,77.2
27-03-2024,Powai,44.2,74.5,14.1,48.4,72.6
28-03-2024,Powai,70.4,105.3,25,45,70.4
29-03-2024,Powai,92.1,119.2,26.1,27,92.1
30-03-2024,Powai,42.6,73.6,33.8,36.9,67.7
31-03-2024,Powai,55.3,81.2,20.7,43.5,65.3
01-04-2024,Powai,30.1,72.9,19.7,48.7,73
02-04-2024,Powai,34.6,71.3,30.4,44.6,66.9
03-04-2024,Powai,40.1,72.6,15.5,37,55.5
04-04-2024,Powai,80.6,118.6,25.1,28.3,80.6
05-04-2024,Powai,72.9,103.1,6.4,49.4,74.1
06-04-2024,Powai,59.5,101.5,16.2,1.9,59.5
07-04-2024,Powai,65.6,98.5,11.5,28.3,65.6
08-04-2024,Powai,115.1,142,30.8,32.2,115.1
09-04-2024,Powai,18.2,46.5,22.9,35.2,52.8
10-04-2024,Powai,57.7,90.3,23.8,24.8,57.7
11-04-2024,Powai,69.7,80.2,8.6,48.9,73.3
12-04-2024,Powai,70.1,99.6,13.8,31.5,70.1
13-04-2024,Powai,54.7,68.8,19.1,47.8,71.7
14-04-2024,Powai,88.5,114.4,31.1,17,88.5
15-04-2024,Powai,73.2,95.1,27.5,37,73.2
16-04-2024,Powai,86.4,107.7,30,36.6,86.4
17-04-2024,Powai,56.8,85,18.2,39.8,59.7
18-04-2024,Powai,58.7,91.2,25.7,49.6,74.4
19-04-2024,Powai,78.5,98,32,25.8,78.5
20-04-2024,Powai,71.8,108,9.7,41.1,71.8
21-04-2024,Powai,50.6,73,35.8,32.2,71.6
22-04-2024,Powai,43.9,74.6,30.5,38.3,61
23-04-2024,Powai,83.3,118.6,7.6,33.6,83.3
24-04-2024,Powai,48.8,83.6,4,70.6,105.9
25-04-2024,Powai,70.6,102.1,34.5,68.1,102.2
26-04-2024,Powai,77.4,116.9,26,38.3,77.4
27-04-2024,Powai,50.5,72.2,19.5,23.8,50.5
28-04-2024,Powai,58.5,71.6,26.5,39.6,59.3
29-04-2024,Powai,62.9,87.7,49.6,56.3,99.2
30-04-2024,Powai,35.1,67.4,20.1,27.8,41.7
01-05-2024,Powai,33.2,67.5,19.5,51.6,77.4
02-05-2024,Powai,79.9,123.6,18.2,45.7,79.9
03-05-2024,Powai,72.6,97.9,18.8,59.3,89
04-05-2024,Powai,64.5,100.9,18.4,25.4,64.5
05-05-2024,Powai,48.6,77.4,16.5,39.9,59.8
06-05-2024,Powai,26.2,45,30.4,47.2,70.9
07-05-2024,Powai,52.2,72,16.8,35.5,53.3
08-05-2024,Powai,72.9,112.2,21,26.2,72.9
09-05-2024,Powai,65.4,87.1,20.9,55.9,83.9
10-05-2024,Powai,76.5,108.1,14.8,42.5,76.5
11-05-2024,Powai,81.3,107.5,35.8,55.5,83.3
12-05-2024,Powai,93.3,126.3,29.7,57,93.3
13-05-2024,Powai,68.9,93.9,21.4,42.9,68.9
14-05-2024,Powai,34.2,62.8,33.8,13.7,67.5
15-05-2024,Powai,90.7,131.9,21.3,46.5,90.7
16-05-2024,Powai,60.1,102.4,32.9,23.2,65.7
17-05-2024,Powai,71.7,99.7,25.7,31.3,71.7
18-05-2024,Powai,95,135.4,19.1,24,95
19-05-2024,Powai,52.3,86.6,26.9,55,82.6
20-05-2024,Powai,75.8,115.5,27.6,23.3,75.8
21-05-2024,Powai,56.1,96.7,24.6,46,69.1
22-05-2024,Powai,53.6,73.3,24,43.7,65.6
23-05-2024,Powai,46.9,74.5,17.5,53.4,80.1
24-05-2024,Powai,54.1,98.6,37.2,39,74.5
25-05-2024,Powai,39.8,49,13.2,23.5,39.8
26-05-2024,Powai,87.6,118.7,28.1,13.4,87.6
27-05-2024,Powai,36,74.9,27.3,38.2,57.4
28-05-2024,Powai,71.3,117.7,23.2,40.8,71.3
29-05-2024,Powai,63.9,117.8,8.2,48.2,72.3
30-05-2024,Powai,57.7,93.4,19.7,39.4,59.1
31-05-2024,Powai,74.2,135.4,31.5,29.8,74.2
01-06-2024,Powai,51.5,77,10.6,36,54.1
02-06-2024,Powai,74.7,91.9,33.4,45.9,74.7
03-06-2024,Powai,45.3,73.9,37.8,48.8,75.6
04-06-2024,Powai,60.2,87.8,25.6,33.9,60.2
05-06-2024,Powai,17.9,68.3,26.2,44.8,67.2
06-06-2024,Powai,58.8,81.5,23.5,20.8,58.8
07-06-2024,Powai,105.5,123.2,16.7,34.7,105.5
08-06-2024,Powai,85.8,115.9,15.1,55.1,85.8
09-06-2024,Powai,74.6,110,30.7,68.7,103.1
10-06-2024,Powai,103.7,126.8,38,44.6,103.7
11-06-2024,Powai,70,83.1,23.6,30.2,70
12-06-2024,Powai,76.6,117.3,8.4,39.7,76.6
13-06-2024,Powai,82.4,110.6,30.8,44.2,82.4
14-06-2024,Powai,66.8,94.1,15.3,26.5,66.8
15-06-2024,Powai,74.2,104.4,23.9,34.9,74.2
16-06-2024,Powai,53.9,94.4,22.3,23.9,53.9
17-06-2024,Powai,74.9,102.8,25.3,59.3,88.9
18-06-2024,Powai,59.6,92.5,15.6,37.4,59.6
19-06-2024,Powai,72.2,86.6,26.6,41.2,72.2
20-06-2024,Powai,60.8,101.2,27.7,57.7,86.6
21-06-2024,Powai,40.1,71.5,25.7,27.2,51.4
22-06-2024,Powai,79.1,132.4,24.9,46.1,79.1
23-06-2024,Powai,61.7,84.6,10.4,31.5,61.7
24-06-2024,Powai,32.2,79.2,24.1,35.8,53.8
25-06-2024,Powai,77.8,96.6,18.9,40.8,77.8
26-06-2024,Powai,80.6,115.6,27,40.9,80.6
27-06-2024,Powai,68,100,16.8,40.6,68
28-06-2024,Powai,38.5,69.3,21.2,70.5,105.7
29-06-2024,Powai,59.2,75.2,23.9,46.2,69.3
30-06-2024,Powai,93.5,117.6,12.3,49.8,93.5
01-07-2024,Powai,32.4,58,22.9,39.2,58.7
02-07-2024,Powai,73.8,96.9,22.8,39.8,73.8
03-07-2024,Powai,63,94,28.5,50.1,75.2
04-07-2024,Powai,67.9,102.4,12.3,40.6,67.9
05-07-2024,Powai,69.6,106.9,19.5,32.1,69.6
06-07-2024,Powai,48.5,83.9,33.3,35.1,66.5
07-07-2024,Powai,78.2,109.4,24,37.5,78.2
08-07-2024,Powai,74.9,108.2,43.2,29.8,86.4
09-07-2024,Powai,70.4,95.1,18,39.9,70.4
10-07-2024,Powai,62.7,121.9,23.5,26.4,62.7
11-07-2024,Powai,65.5,74.7,24.3,40.2,65.5
12-07-2024,Powai,75.9,115.6,21,38.2,75.9
13-07-2024,Powai,44.7,63.4,27.5,24.7,55
14-07-2024,Powai,51.7,71.8,29.4,61.6,92.4
15-07-2024,Powai,34,45.4,24,40.2,60.3
16-07-2024,Powai,64.4,89.9,23.4,44.4,66.6
17-07-2024,Powai,80.8,91.3,22,42.6,80.8
18-07-2024,Powai,41.6,89,19.9,39.5,59.3
19-07-2024,Powai,71.1,95.2,10.2,34.9,71.1
20-07-2024,Powai,80.6,107.2,18.2,51.1,80.6
21-07-2024,Powai,53.4,78.3,26.2,49.2,73.9
22-07-2024,Powai,107.6,145.9,34.3,33.9,107.6
23-07-2024,Powai,39.5,70.1,25.9,27.1,51.7
24-07-2024,Powai,56.5,90.5,27.9,46.1,69.1
25-07-2024,Powai,65.8,90.7,20.9,25.6,65.8
26-07-2024,Powai,95.7,125.8,23.2,28.9,95.7
27-07-2024,Powai,118.7,138,21.6,45,118.7
28-07-2024,Powai,72,111.6,39.5,46.1,78.9
29-07-2024,Powai,38.9,66.3,27.5,64.8,97.2
30-07-2024,Powai,32,74.1,26.4,50.1,75.1
31-07-2024,Powai,58,79.5,31,47.9,71.8
01-08-2024,Powai,79.4,109.3,20.2,21.3,79.4
02-08-2024,Powai,76.4,110.6,17.3,33.5,76.4
03-08-2024,Powai,50.7,65.8,18.5,26.4,50.7
04-08-2024,Powai,51.8,74.4,12,64.3,96.4
05-08-2024,Powai,85.1,107.3,27.2,45,85.1
06-08-2024,Powai,83.8,105.6,33.7,33.4,83.8
07-08-2024,Powai,33.3,70.5,35.3,71.1,106.6
08-08-2024,Powai,36,73,21.7,49.4,74.1
09-08-2024,Powai,30.6,48,18.8,40.9,61.4
10-08-2024,Powai,47.2,83.8,33.2,47.2,70.8
11-08-2024,Powai,92.4,126.5,15.3,56.4,92.4
12-08-2024,Powai,47.9,87,37.6,45.5,75.2
13-08-2024,Powai,30.1,50.9,35.6,38,71.2
14-08-2024,Powai,61.6,99.2,30.6,43.3,65
15-08-2024,Powai,55.8,82.7,31.9,46.6,70
16-08-2024,Powai,54.9,95.7,24,29.8,54.9
17-08-2024,Powai,44.8,65,22.8,54.8,82.2
18-08-2024,Powai,43.9,75.8,19.7,36.9,55.3
19-08-2024,Powai,29.8,57.6,23.5,46.5,69.7
20-08-2024,Powai,64.5,82.5,33.7,42.5,67.3
21-08-2024,Powai,64,93.9,20.9,42.6,64
22-08-2024,Powai,69.5,82,20.7,36.9,69.5
23-08-2024,Powai,65.1,107.1,18.8,34,65.1
24-08-2024,Powai,49.7,71.7,22.2,49.2,73.9
25-08-2024,Powai,38.9,73.2,11.4,33.3,49.9
26-08-2024,Powai,53.4,100.2,22.8,13.6,53.4
27-08-2024,Powai,20,50.4,29.9,44.5,66.8
28-08-2024,Powai,63.4,105,20.7,50.7,76.1
29-08-2024,Powai,27.4,48.3,10.5,36.7,55.1
30-08-2024,Powai,59.1,90.2,25.5,28.9,59.1
31-08-2024,Powai,56.2,71.2,35.9,36.4,71.8
01-09-2024,Powai,50.2,96.1,15.1,26.5,50.2
02-09-2024,Powai,38.1,67.4,28.5,48.9,73.3
03-09-2024,Powai,111.4,118.9,29.9,33.3,111.4
04-09-2024,Powai,48.3,72.1,17.7,60.2,90.3
05-09-2024,Powai,76.8,107.1,35.8,21.8,76.8
06-09-2024,Powai,33.4,41.6,19.4,41.9,62.9
07-09-2024,Powai,62.1,93.6,13.7,49.6,74.5
08-09-2024,Powai,64.8,102.1,9.9,43.7,65.6
09-09-2024,Powai,36.2,62.3,29.3,41.1,61.6
10-09-2024,Powai,43,73,12.7,53.8,80.7
11-09-2024,Powai,55.9,97.1,20.8,33.7,55.9
12-09-2024,Powai,44.7,83.5,19.3,47.7,71.6
13-09-2024,Powai,52.4,62.6,20.4,25.9,52.4
14-09-2024,Powai,60.7,78.8,32.4,38.9,64.8
15-09-2024,Powai,56.4,93,32.7,39.8,65.4
16-09-2024,Powai,44.6,56.8,19.5,32.6,48.9
17-09-2024,Powai,62.1,88.7,30.5,32.6,62.1
18-09-2024,Powai,58.9,100.7,27.7,39.3,58.9
19-09-2024,Powai,48,71.6,18.2,33.5,50.3
20-09-2024,Powai,75.1,102.9,14.2,61.2,91.8
21-09-2024,Powai,66.4,82.3,21.5,41.3,66.4
22-09-2024,Powai,94.1,113,32.8,56.8,94.1
23-09-2024,Powai,47.4,74.7,16.7,37.6,56.3
24-09-2024,Powai,59.3,95.9,33.7,31,67.4
25-09-2024,Powai,20.7,50.4,27.3,43,64.5
26-09-2024,Powai,53.5,84.7,37.1,44.6,74.2
27-09-2024,Powai,52.5,77.5,23.6,59.6,89.5
28-09-2024,Powai,56.3,86.1,21.1,53.2,79.8
29-09-2024,Powai,99.2,133.7,25.7,40.4,99.2
30-09-2024,Powai,12.3,49.8,26.1,45.1,67.7
01-10-2024,Powai,45.8,71.9,21.7,52.3,78.4
02-10-2024,Powai,52.4,103.3,28.4,24.7,56.9
03-10-2024,Powai,57.4,80.9,7.4,59.2,88.8
04-10-2024,Powai,74.1,109.4,26.3,23.4,74.1
05-10-2024,Powai,50.3,88.7,16.6,9.6,50.3
06-10-2024,Powai,55.5,84,26.1,48.7,73.1
07-10-2024,Powai,72.8,105.3,34.6,21.8,72.8
08-10-2024,Powai,70.1,106.4,15.1,22,70.1
09-10-2024,Powai,45.1,68.5,31,32.6,62.1
10-10-2024,Powai,42.9,66.8,33.9,40.2,67.9
11-10-2024,Powai,56.4,85.3,35.3,31,70.7
12-10-2024,Powai,86.3,118.4,23.7,70,105
13-10-2024,Powai,38.9,65.4,15.1,51.4,77.1
14-10-2024,Powai,93.8,140.5,34.8,37.6,93.8
15-10-2024,Powai,52.7,66,41.3,45.6,82.6
16-10-2024,Powai,50.2,93.4,17.2,44.9,67.3
17-10-2024,Powai,56.5,92.9,24.5,22.6,56.5
18-10-2024,Powai,61.5,102,24.8,49.3,74
19-10-2024,Powai,39.1,68.8,20,49,73.4
20-10-2024,Powai,60.6,97.5,33.7,48.3,72.4
21-10-2024,Powai,65.5,85.5,25,33.6,65.5
22-10-2024,Powai,53.1,79.4,17.2,16.5,53.1
23-10-2024,Powai,46.6,78.6,14.2,40.2,60.3
24-10-2024,Powai,98,138.2,38.1,44.7,98
25-10-2024,Powai,83.4,106.1,19.8,7.1,83.4
26-10-2024,Powai,83.7,129.1,20.6,37,83.7
27-10-2024,Powai,44.9,78.7,34,19.1,68
28-10-2024,Powai,68.2,95.4,25.9,45.5,68.3
29-10-2024,Powai,56.2,85.2,23.3,51.6,77.5
30-10-2024,Powai,68.4,100.6,14.8,35.5,68.4
31-10-2024,Powai,78,108.4,30.3,61.2,91.8
01-11-2024,Powai,80.8,111.7,20.9,9.4,80.8
02-11-2024,Powai,56.6,83.4,28.1,38.2,57.2
03-11-2024,Powai,53.6,65.8,17.5,45.7,68.6
04-11-2024,Powai,94.3,123.3,27.6,51.4,94.3
05-11-2024,Powai,43.8,77.5,19.1,50.4,75.6
06-11-2024,Powai,63,96,18.7,48.5,72.7
07-11-2024,Powai,101.7,121.6,22.3,42.8,101.7
08-11-2024,Powai,75.7,100.1,2.3,56.3,84.5
09-11-2024,Powai,75.2,87.8,20.1,58.8,88.2
10-11-2024,Powai,89,128.3,23.6,41,89
11-11-2024,Powai,57.4,98.7,18,30.3,57.4
12-11-2024,Powai,80.2,109.8,36,31.9,80.2
13-11-2024,Powai,58.9,79.7,25.1,22.3,58.9
14-11-2024,Powai,50.2,65.9,30.6,48.6,72.9
15-11-2024,Powai,25.4,68.7,45,40.6,90
16-11-2024,Powai,47.2,105.4,14.4,40.2,60.4
17-11-2024,Powai,63.6,107,27.9,34,63.6
18-11-2024,Powai,41,67.6,16.9,40.6,60.9
19-11-2024,Powai,48.7,63.8,35,34,70.1
20-11-2024,Powai,34.6,63,25.5,19,51.1
21-11-2024,Powai,66.6,86.2,38.7,46.3,77.4
22-11-2024,Powai,52,74.6,24.2,47.4,71
23-11-2024,Powai,59.5,87.3,25.5,32.8,59.5
24-11-2024,Powai,53.1,62.3,32.8,43.6,65.6
25-11-2024,Powai,44.5,93.5,25.7,27.6,51.4
26-11-2024,Powai,77.1,111.1,28.2,34.9,77.1
27-11-2024,Powai,69,96.4,29.4,17.1,69
28-11-2024,Powai,51.3,98.5,18.9,32.8,51.3
29-11-2024,Powai,51,68.9,7.3,37.2,55.8
30-11-2024,Powai,62.7,92.2,23.8,40.5,62.7
01-12-2024,Powai,80.5,108.6,20.4,36.6,80.5
02-12-2024,Powai,71.6,115.7,20,41.2,71.6
03-12-2024,Powai,66.8,86.8,25.2,22.4,66.8
04-12-2024,Powai,24.6,58.3,21.9,42.4,63.6
05-12-2024,Powai,59.6,79.9,24.6,25.2,59.6
06-12-2024,Powai,87.8,104.3,23.4,27.5,87.8
07-12-2024,Powai,71.4,98.1,20.9,50.2,75.4
08-12-2024,Powai,60.6,95.8,17.1,23.1,60.6
09-12-2024,Powai,62.1,89,30,39,62.1
10-12-2024,Powai,64.1,77.9,40.1,38,80.2
11-12-2024,Powai,74,95.6,27.5,24.4,74
12-12-2024,Powai,69,95.5,25.2,48.4,72.6
13-12-2024,Powai,35.3,58.5,28.7,65.2,97.8
14-12-2024,Powai,57.2,93.1,24.1,63.3,95
15-12-2024,Powai,25.1,56,12,9.9,28
16-12-2024,Powai,65.9,97.3,22.7,38.7,65.9
17-12-2024,Powai,122,149.4,29.1,32.2,122
18-12-2024,Powai,65.9,93.5,21.7,61.8,92.7
19-12-2024,Powai,83.5,114.9,6.6,35.7,83.5
20-12-2024,Powai,114.1,141.8,33.8,57.3,114.1
21-12-2024,Powai,64.4,86,5.5,48.2,72.3
22-12-2024,Powai,43.7,75.5,15,36.8,55.2
23-12-2024,Powai,60.7,93.4,16.1,54.4,81.5
24-12-2024,Powai,48.1,61.3,24.1,40.4,60.6
25-12-2024,Powai,63.2,106.8,23.1,38.6,63.2
26-12-2024,Powai,37.9,76.1,26.5,35,52.9
27-12-2024,Powai,21.9,66.4,15.2,32.9,49.4
28-12-2024,Powai,67.2,85.2,13.1,14.5,67.2
29-12-2024,Powai,74.4,99,48.4,28.1,96.8
30-12-2024,Powai,41.6,65.9,26.9,34.4,53.9
31-12-2024,Powai,72.2,92.5,13.9,18.4,72.2
