date,station,pm25,pm10,no2,o3,aqi,so2,co,year,month,dayofweek,is_weekend,pm25_roll7,pm25_roll30,pm25_category
2024-01-01,Bandra,48.4,84.3,38.4,44.7,76.7,,,2024,1,0,0,48.4,,Satisfactory
2024-01-02,Bandra,43.4,74.3,16.4,4.9,43.4,,,2024,1,1,0,45.9,,Satisfactory
2024-01-03,Bandra,68.2,95.8,30.4,62.8,94.2,,,2024,1,2,0,53.333333333333336,,Moderate
2024-01-04,Bandra,58.0,88.2,30.7,42.8,64.2,,,2024,1,3,0,54.5,,Satisfactory
2024-01-05,Bandra,82.5,112.0,10.8,55.1,82.7,,,2024,1,4,0,60.1,,Moderate
2024-01-06,Bandra,61.8,93.7,20.1,36.2,61.8,,,2024,1,5,1,60.38333333333333,,Moderate
2024-01-07,Bandra,100.5,116.9,26.5,32.1,100.5,,,2024,1,6,1,66.11428571428571,66.11428571428571,Poor
2024-01-08,Bandra,76.8,100.6,20.5,26.8,76.8,,,2024,1,0,0,70.17142857142858,67.45,Moderate
2024-01-09,Bandra,95.0,138.8,14.7,48.3,95.0,,,2024,1,1,0,77.54285714285713,70.51111111111112,Poor
2024-01-10,Bandra,39.7,70.6,17.6,43.1,64.6,,,2024,1,2,0,73.47142857142856,67.42999999999999,Satisfactory
2024-01-11,Bandra,66.7,99.9,28.8,21.6,66.7,,,2024,1,3,0,74.71428571428571,67.36363636363636,Moderate
2024-01-12,Bandra,58.1,70.3,24.4,30.0,58.1,,,2024,1,4,0,71.22857142857143,66.59166666666667,Satisfactory
2024-02-01,Bandra,36.1,70.5,34.6,32.7,69.1,,,2024,2,3,0,67.55714285714285,64.24615384615385,Satisfactory
2024-02-02,Bandra,68.7,107.8,6.1,27.9,68.7,,,2024,2,4,0,63.01428571428572,64.56428571428572,Moderate
2024-02-03,Bandra,57.3,77.6,33.9,38.6,67.7,,,2024,2,5,1,60.228571428571435,64.08,Satisfactory
2024-02-04,Bandra,79.1,111.9,20.1,44.3,79.1,,,2024,2,6,1,57.95714285714286,65.01875,Moderate
2024-02-05,Bandra,41.9,65.3,20.2,56.5,84.7,,,2024,2,0,0,58.271428571428565,63.65882352941177,Satisfactory
2024-02-06,Bandra,72.3,114.4,23.9,34.6,72.3,,,2024,2,1,0,59.07142857142857,64.13888888888889,Moderate
2024-02-07,Bandra,68.5,98.7,19.9,45.9,68.8,,,2024,2,2,0,60.55714285714286,64.36842105263158,Moderate
2024-02-08,Bandra,68.8,106.6,28.7,60.1,90.1,,,2024,2,3,0,65.22857142857143,64.59,Moderate
2024-02-09,Bandra,49.9,82.6,27.4,37.2,55.8,,,2024,2,4,0,62.54285714285714,63.89047619047619,Satisfactory
2024-02-10,Bandra,42.1,68.0,17.0,47.8,71.7,,,2024,2,5,1,60.371428571428574,62.9,Satisfactory
2024-02-11,Bandra,75.1,111.3,16.9,37.1,75.1,,,2024,2,6,1,59.8,63.4304347826087,Moderate
2024-02-12,Bandra,78.3,102.8,24.1,32.4,78.3,,,2024,2,0,0,65.0,64.05,Moderate
2024-03-01,Bandra,57.3,87.5,18.7,47.8,71.7,,,2024,3,4,0,62.857142857142854,63.78,Satisfactory
2024-03-02,Bandra,72.4,123.0,25.2,31.3,72.4,,,2024,3,5,1,63.41428571428571,64.11153846153846,Moderate
2024-03-03,Bandra,16.5,55.0,20.7,38.9,58.4,,,2024,3,6,1,55.942857142857136,62.34814814814815,Good
2024-03-04,Bandra,37.1,68.2,24.7,37.5,56.3,,,2024,3,0,0,54.114285714285714,61.44642857142857,Satisfactory
2024-03-05,Bandra,17.3,78.7,33.4,42.7,66.9,,,2024,3,1,0,50.57142857142857,59.92413793103448,Good
2024-03-06,Bandra,60.0,96.0,13.4,12.4,60.0,,,2024,3,2,0,48.41428571428572,59.92666666666666,Satisfactory
2024-03-07,Bandra,96.1,124.2,30.8,24.5,96.1,,,2024,3,3,0,50.957142857142856,61.516666666666666,Poor
2024-03-08,Bandra,59.9,96.6,16.3,35.4,59.9,,,2024,3,4,0,51.32857142857143,62.06666666666667,Satisfactory
2024-03-09,Bandra,44.3,67.4,17.7,30.0,45.0,,,2024,3,5,1,47.31428571428571,61.269999999999996,Satisfactory
2024-03-10,Bandra,77.2,104.8,25.3,22.6,77.2,,,2024,3,6,1,55.98571428571428,61.91,Moderate
2024-03-11,Bandra,59.2,87.9,27.7,57.2,85.8,,,2024,3,0,0,59.142857142857146,61.13333333333333,Satisfactory
2024-03-12,Bandra,94.8,121.6,39.7,49.8,94.8,,,2024,3,1,0,70.21428571428571,62.233333333333334,Poor
2024-04-01,Bandra,57.6,91.8,17.9,34.8,57.6,,,2024,4,0,0,69.87142857142857,60.803333333333335,Satisfactory
2024-04-02,Bandra,56.3,100.1,19.8,30.4,56.3,,,2024,4,1,0,64.18571428571428,60.120000000000005,Satisfactory
2024-04-03,Bandra,66.6,98.5,30.7,34.8,66.6,,,2024,4,2,0,65.14285714285714,59.17333333333333,Moderate
2024-04-04,Bandra,57.4,68.6,20.6,41.1,61.7,,,2024,4,3,0,67.01428571428572,59.763333333333335,Satisfactory
2024-04-05,Bandra,58.9,91.8,29.2,47.7,71.6,,,2024,4,4,0,64.39999999999999,59.50333333333333,Satisfactory
2024-04-06,Bandra,49.0,66.8,20.9,38.2,57.3,,,2024,4,5,1,62.942857142857136,59.2,Satisfactory
2024-04-07,Bandra,40.9,75.6,36.9,44.3,73.7,,,2024,4,6,1,55.24285714285714,59.36,Satisfactory
2024-04-08,Bandra,73.9,112.4,22.6,39.1,73.9,,,2024,4,0,0,57.57142857142857,59.53333333333333,Moderate
2024-04-09,Bandra,58.7,81.5,30.5,57.8,86.8,,,2024,4,1,0,57.91428571428571,59.58,Satisfactory
2024-04-10,Bandra,54.0,83.5,46.0,26.7,91.9,,,2024,4,2,0,56.11428571428571,58.74333333333333,Satisfactory
2024-04-11,Bandra,81.6,98.5,30.0,55.9,83.9,,,2024,4,3,0,59.57142857142857,60.06666666666667,Moderate
2024-04-12,Bandra,69.6,103.3,28.2,16.9,69.6,,,2024,4,4,0,61.1,59.97666666666667,Moderate
2024-05-01,Bandra,74.4,100.7,38.8,35.2,77.6,,,2024,5,2,0,64.72857142857143,60.17333333333333,Moderate
2024-05-02,Bandra,50.3,70.8,26.0,59.5,89.2,,,2024,5,3,0,66.07142857142857,59.556666666666665,Satisfactory
2024-05-03,Bandra,70.3,97.7,30.9,47.4,71.1,,,2024,5,4,0,65.55714285714285,60.236666666666665,Moderate
2024-05-04,Bandra,63.2,82.9,35.1,29.6,70.3,,,2024,5,5,1,66.2,60.940000000000005,Moderate
2024-05-05,Bandra,71.1,102.0,23.4,38.2,71.1,,,2024,5,6,1,68.64285714285714,60.80666666666666,Moderate
2024-05-06,Bandra,50.9,95.5,27.6,43.6,65.4,,,2024,5,0,0,64.25714285714285,59.89333333333333,Satisfactory
2024-05-07,Bandra,53.7,83.7,15.0,47.3,70.9,,,2024,5,1,0,61.98571428571429,59.77333333333333,Satisfactory
2024-05-08,Bandra,29.6,56.1,32.1,46.9,70.4,,,2024,5,2,0,55.58571428571428,58.346666666666664,Good
2024-05-09,Bandra,48.4,80.8,29.0,45.7,68.5,,,2024,5,3,0,55.31428571428571,59.41,Satisfactory
2024-05-10,Bandra,89.3,129.3,27.2,61.1,91.7,,,2024,5,4,0,58.02857142857143,61.15,Moderate
2024-05-11,Bandra,67.7,108.6,41.1,52.3,82.2,,,2024,5,5,1,58.67142857142857,62.830000000000005,Moderate
2024-05-12,Bandra,54.4,92.9,24.6,23.1,54.4,,,2024,5,6,1,56.285714285714285,62.64333333333333,Satisfactory
2024-06-01,Bandra,64.5,103.8,13.7,18.9,64.5,,,2024,6,5,1,58.228571428571435,61.589999999999996,Moderate
2024-06-02,Bandra,66.5,93.9,22.7,21.2,66.5,,,2024,6,6,1,60.05714285714286,61.809999999999995,Moderate
2024-06-03,Bandra,41.3,82.2,20.7,49.7,74.5,,,2024,6,0,0,61.728571428571435,61.71,Satisfactory
2024-06-04,Bandra,79.4,113.7,19.8,61.3,92.0,,,2024,6,1,0,66.15714285714286,61.78333333333333,Moderate
2024-06-05,Bandra,56.1,97.4,29.7,4.7,59.5,,,2024,6,2,0,61.41428571428571,61.67999999999999,Satisfactory
2024-06-06,Bandra,72.4,91.1,33.3,39.1,72.4,,,2024,6,3,0,62.08571428571429,60.93333333333333,Moderate
2024-06-07,Bandra,77.6,103.1,21.2,43.2,77.6,,,2024,6,4,0,65.4,61.6,Moderate
2024-06-08,Bandra,70.0,100.5,25.1,32.1,70.0,,,2024,6,5,1,66.18571428571428,62.05666666666666,Moderate
2024-06-09,Bandra,61.5,98.9,28.9,25.1,61.5,,,2024,6,6,1,65.47142857142858,61.88666666666666,Moderate
2024-06-10,Bandra,67.4,101.3,24.6,54.7,82.0,,,2024,6,0,0,69.2,62.22,Moderate
2024-06-11,Bandra,65.0,105.4,26.2,40.3,65.0,,,2024,6,1,0,67.14285714285714,62.42333333333333,Moderate
2024-06-12,Bandra,59.0,106.0,35.0,39.3,70.0,,,2024,6,2,0,67.55714285714285,62.75666666666667,Satisfactory
2024-07-01,Bandra,29.5,72.1,20.6,70.7,106.0,,,2024,7,0,0,61.42857142857143,62.376666666666665,Good
2024-07-02,Bandra,77.7,106.9,23.6,78.3,117.5,,,2024,7,1,0,61.44285714285714,62.50333333333334,Moderate
2024-07-03,Bandra,67.3,115.7,23.2,35.8,67.3,,,2024,7,2,0,61.05714285714286,62.79,Moderate
2024-07-04,Bandra,36.1,75.3,33.0,32.0,66.0,,,2024,7,3,0,57.42857142857143,62.19333333333334,Satisfactory
2024-07-05,Bandra,73.1,105.1,24.9,35.3,73.1,,,2024,7,4,0,58.24285714285715,61.91,Moderate
2024-07-06,Bandra,73.4,92.7,12.6,49.8,74.7,,,2024,7,5,1,59.44285714285714,62.03666666666666,Moderate
2024-07-07,Bandra,51.3,80.6,41.8,37.0,83.6,,,2024,7,6,1,58.34285714285715,61.266666666666666,Satisfactory
2024-07-08,Bandra,74.0,108.2,28.9,33.7,74.0,,,2024,7,0,0,64.7,62.056666666666665,Moderate
2024-07-09,Bandra,77.4,116.3,18.9,40.5,77.4,,,2024,7,1,0,64.65714285714286,62.29333333333333,Moderate
2024-07-10,Bandra,81.9,105.7,14.4,37.6,81.9,,,2024,7,2,0,66.74285714285715,62.916666666666664,Moderate
2024-07-11,Bandra,53.0,98.6,18.5,58.4,87.6,,,2024,7,3,0,69.15714285714286,62.31333333333334,Satisfactory
2024-07-12,Bandra,79.0,105.4,11.4,28.9,79.0,,,2024,7,4,0,70.0,63.25,Moderate
2024-08-01,Bandra,48.7,80.6,37.3,64.1,96.1,,,2024,8,3,0,66.47142857142858,63.083333333333336,Satisfactory
2024-08-02,Bandra,66.0,88.5,21.6,53.8,80.7,,,2024,8,4,0,68.57142857142857,64.29666666666667,Moderate
2024-08-03,Bandra,59.6,86.6,31.4,20.6,62.8,,,2024,8,5,1,66.51428571428572,64.67,Satisfactory
2024-08-04,Bandra,87.8,115.3,27.3,43.1,87.8,,,2024,8,6,1,68.0,64.61999999999999,Moderate
2024-08-05,Bandra,82.5,122.0,18.8,44.9,82.5,,,2024,8,0,0,68.08571428571429,65.11333333333333,Moderate
2024-08-06,Bandra,67.5,88.5,18.0,53.5,80.3,,,2024,8,1,0,70.15714285714286,65.55,Moderate
2024-08-07,Bandra,52.8,76.4,31.0,37.8,61.9,,,2024,8,2,0,66.41428571428571,65.16000000000001,Satisfactory
2024-08-08,Bandra,16.9,57.9,21.2,29.6,44.5,,,2024,8,3,0,61.871428571428574,63.50666666666667,Good
2024-08-09,Bandra,73.7,101.6,33.6,68.4,102.5,,,2024,8,4,0,62.971428571428575,64.58666666666667,Moderate
2024-08-10,Bandra,44.0,73.4,34.9,34.5,69.8,,,2024,8,5,1,60.74285714285714,63.406666666666666,Satisfactory
2024-08-11,Bandra,70.0,86.0,27.9,14.8,70.0,,,2024,8,6,1,58.199999999999996,63.870000000000005,Moderate
2024-08-12,Bandra,91.3,118.5,23.1,36.4,91.3,,,2024,8,0,0,59.457142857142856,64.5,Poor
2024-09-01,Bandra,101.2,143.3,33.2,47.1,101.2,,,2024,9,6,1,64.27142857142857,65.28666666666668,Poor
2024-09-02,Bandra,62.3,77.9,32.4,32.0,64.7,,,2024,9,0,0,65.62857142857143,65.03,Moderate
2024-09-03,Bandra,38.9,58.2,32.6,60.5,90.8,,,2024,9,1,0,68.77142857142857,64.27666666666667,Satisfactory
2024-09-04,Bandra,57.3,95.4,31.3,19.0,62.7,,,2024,9,2,0,66.42857142857143,63.940000000000005,Satisfactory
2024-09-05,Bandra,40.6,56.8,20.0,50.3,75.5,,,2024,9,3,0,65.94285714285715,63.126666666666665,Satisfactory
2024-09-06,Bandra,36.2,82.6,17.8,47.7,71.5,,,2024,9,4,0,61.114285714285714,62.36666666666667,Satisfactory
2024-09-07,Bandra,47.0,90.2,36.4,32.8,72.7,,,2024,9,5,1,54.785714285714285,62.95,Satisfactory
2024-09-08,Bandra,73.9,99.9,33.5,47.4,73.9,,,2024,9,6,1,50.885714285714286,62.82333333333334,Moderate
2024-09-09,Bandra,44.3,60.5,27.4,48.7,73.0,,,2024,9,0,0,48.31428571428571,62.056666666666665,Satisfactory
2024-09-10,Bandra,59.1,89.7,31.8,13.0,63.6,,,2024,9,1,0,51.2,62.82333333333333,Satisfactory
2024-09-11,Bandra,72.5,111.4,20.3,41.5,72.5,,,2024,9,2,0,53.371428571428574,62.80333333333333,Moderate
2024-09-12,Bandra,98.1,144.3,42.8,38.1,98.1,,,2024,9,3,0,61.58571428571428,63.626666666666665,Poor
2024-10-01,Bandra,75.6,100.1,18.5,40.0,75.6,,,2024,10,1,0,67.21428571428571,64.43666666666667,Moderate
2024-10-02,Bandra,97.5,138.3,21.4,55.4,97.5,,,2024,10,2,0,74.42857142857143,65.22,Poor
2024-10-03,Bandra,57.9,86.2,25.6,53.9,80.9,,,2024,10,3,0,72.14285714285714,64.57000000000001,Satisfactory
2024-10-04,Bandra,86.1,99.5,33.3,53.5,86.1,,,2024,10,4,0,78.11428571428571,64.71,Moderate
2024-10-05,Bandra,79.1,114.2,30.8,46.2,79.1,,,2024,10,5,1,80.97142857142856,65.58,Moderate
2024-10-06,Bandra,53.4,89.5,20.6,38.0,57.1,,,2024,10,6,1,78.24285714285713,64.72666666666666,Satisfactory
2024-10-07,Bandra,22.7,62.7,19.5,49.5,74.2,,,2024,10,0,0,67.47142857142858,63.86,Good
2024-10-08,Bandra,73.7,90.0,34.7,43.1,73.7,,,2024,10,1,0,67.2,64.11666666666666,Moderate
2024-10-09,Bandra,55.4,99.9,14.3,48.3,72.5,,,2024,10,2,0,61.185714285714276,63.97666666666667,Satisfactory
2024-10-10,Bandra,47.9,80.0,34.6,34.1,69.2,,,2024,10,3,0,59.75714285714285,62.64666666666667,Satisfactory
2024-10-11,Bandra,99.1,124.0,16.5,57.8,99.1,,,2024,10,4,0,61.61428571428571,63.2,Poor
2024-10-12,Bandra,65.9,80.7,36.8,26.0,73.6,,,2024,10,5,1,59.728571428571435,63.14666666666667,Moderate
2024-11-01,Bandra,56.6,82.1,30.6,51.5,77.2,,,2024,11,4,0,60.18571428571429,63.273333333333326,Satisfactory
2024-11-02,Bandra,61.4,99.9,28.9,29.8,61.4,,,2024,11,5,1,65.71428571428571,64.75666666666667,Moderate
2024-11-03,Bandra,41.5,73.8,32.8,46.0,69.0,,,2024,11,6,1,61.11428571428571,63.68333333333333,Satisfactory
2024-11-04,Bandra,38.2,64.1,16.2,37.4,56.1,,,2024,11,0,0,58.65714285714286,63.49,Satisfactory
2024-11-05,Bandra,47.2,81.5,31.4,49.1,73.6,,,2024,11,1,0,58.557142857142864,62.730000000000004,Satisfactory
2024-11-06,Bandra,60.8,80.8,30.9,33.8,61.9,,,2024,11,2,0,53.08571428571429,61.71333333333334,Moderate
2024-11-07,Bandra,20.6,59.5,15.3,48.8,73.2,,,2024,11,3,0,46.614285714285714,59.026666666666664,Good
2024-11-08,Bandra,52.6,84.0,10.8,44.9,67.4,,,2024,11,4,0,46.042857142857144,58.70333333333333,Satisfactory
2024-11-09,Bandra,47.9,95.1,40.9,30.8,81.9,,,2024,11,5,1,44.11428571428571,59.00333333333333,Satisfactory
2024-11-10,Bandra,22.5,58.7,19.9,25.7,39.8,,,2024,11,6,1,41.39999999999999,57.843333333333334,Good
2024-11-11,Bandra,99.3,129.3,33.1,56.1,99.3,,,2024,11,0,0,50.128571428571426,59.8,Poor
2024-11-12,Bandra,64.3,83.4,20.3,30.0,64.3,,,2024,11,1,0,52.57142857142857,60.736666666666665,Moderate
2024-12-01,Bandra,61.8,106.5,15.9,37.7,61.8,,,2024,12,6,1,52.714285714285715,61.230000000000004,Moderate
2024-12-02,Bandra,47.1,87.4,22.3,35.2,52.7,,,2024,12,0,0,56.5,60.336666666666666,Satisfactory
2024-12-03,Bandra,63.8,103.8,3.4,48.1,72.2,,,2024,12,1,0,58.1,60.986666666666665,Moderate
2024-12-04,Bandra,53.8,91.6,35.5,56.7,85.1,,,2024,12,2,0,58.94285714285714,60.809999999999995,Satisfactory
2024-12-05,Bandra,83.8,120.9,27.8,52.8,83.8,,,2024,12,3,0,67.7,61.186666666666675,Moderate
2024-12-06,Bandra,55.4,75.5,4.5,37.7,56.6,,,2024,12,4,0,61.42857142857143,59.76333333333333,Satisfactory
2024-12-07,Bandra,60.3,80.7,21.7,48.2,72.4,,,2024,12,5,1,60.857142857142854,59.25333333333333,Moderate
2024-12-08,Bandra,39.4,55.9,12.8,53.4,80.0,,,2024,12,6,1,57.65714285714286,57.31666666666667,Satisfactory
2024-12-09,Bandra,49.0,87.6,21.9,39.5,59.2,,,2024,12,0,0,57.92857142857143,57.019999999999996,Satisfactory
2024-12-10,Bandra,47.5,75.7,20.2,13.5,47.5,,,2024,12,1,0,55.6,55.733333333333334,Satisfactory
2024-12-11,Bandra,45.2,70.3,34.8,60.2,90.3,,,2024,12,2,0,54.37142857142857,54.60333333333334,Satisfactory
2024-12-12,Bandra,47.8,72.5,20.6,50.0,75.0,,,2024,12,3,0,49.22857142857142,54.416666666666664,Satisfactory
2024-01-01,Colaba,69.9,98.6,30.2,58.3,87.4,,,2024,1,0,0,69.9,,Moderate
2024-01-02,Colaba,71.7,123.6,17.1,33.2,71.7,,,2024,1,1,0,70.80000000000001,,Moderate
2024-01-03,Colaba,44.1,73.0,29.0,50.4,75.6,,,2024,1,2,0,61.900000000000006,,Satisfactory
2024-01-04,Colaba,73.8,99.8,26.8,40.2,73.8,,,2024,1,3,0,64.875,,Moderate
2024-01-05,Colaba,44.9,60.7,19.8,27.0,44.9,,,2024,1,4,0,60.879999999999995,,Satisfactory
2024-01-06,Colaba,24.4,69.4,30.2,39.3,60.5,,,2024,1,5,1,54.800000000000004,,Good
2024-01-07,Colaba,49.2,71.4,26.6,28.3,53.1,,,2024,1,6,1,54.0,54.0,Satisfactory
2024-01-08,Colaba,47.3,89.1,36.4,33.2,72.7,,,2024,1,0,0,50.77142857142858,53.1625,Satisfactory
2024-01-09,Colaba,51.0,56.7,12.3,49.1,73.7,,,2024,1,1,0,47.81428571428571,52.922222222222224,Satisfactory
2024-01-10,Colaba,61.6,71.6,32.3,44.2,66.2,,,2024,1,2,0,50.31428571428571,53.79,Moderate
2024-01-11,Colaba,36.2,69.3,30.1,45.0,67.4,,,2024,1,3,0,44.94285714285714,52.190909090909095,Satisfactory
2024-01-12,Colaba,63.2,93.2,28.5,54.3,81.4,,,2024,1,4,0,47.557142857142864,53.10833333333333,Moderate
2024-02-01,Colaba,55.3,83.0,37.6,49.2,75.3,,,2024,2,3,0,51.971428571428575,53.276923076923076,Satisfactory
2024-02-02,Colaba,62.0,87.0,12.6,40.8,62.0,,,2024,2,4,0,53.800000000000004,53.9,Moderate
2024-02-03,Colaba,36.0,62.6,21.2,32.2,48.2,,,2024,2,5,1,52.18571428571429,52.70666666666667,Satisfactory
2024-02-04,Colaba,62.0,84.2,25.2,46.0,69.0,,,2024,2,6,1,53.75714285714286,53.2875,Moderate
2024-02-05,Colaba,93.7,132.6,24.9,57.8,93.7,,,2024,2,0,0,58.34285714285715,55.66470588235294,Poor
2024-02-06,Colaba,65.6,84.3,44.6,41.6,89.1,,,2024,2,1,0,62.54285714285714,56.21666666666667,Moderate
2024-02-07,Colaba,68.2,81.1,33.2,45.7,68.5,,,2024,2,2,0,63.25714285714286,56.84736842105263,Moderate
2024-02-08,Colaba,43.4,78.1,20.6,47.6,71.4,,,2024,2,3,0,61.55714285714286,56.175,Satisfactory
2024-02-09,Colaba,75.7,110.0,17.3,39.4,75.7,,,2024,2,4,0,63.51428571428572,57.10476190476191,Moderate
2024-02-10,Colaba,80.0,81.0,41.7,38.3,83.4,,,2024,2,5,1,69.8,58.14545454545455,Moderate
2024-02-11,Colaba,56.3,85.0,25.4,38.2,57.4,,,2024,2,6,1,68.98571428571428,58.06521739130435,Satisfactory
2024-02-12,Colaba,79.0,94.1,4.6,51.2,79.0,,,2024,2,0,0,66.88571428571429,58.9375,Moderate
2024-03-01,Colaba,50.6,86.0,21.3,34.4,51.6,,,2024,3,4,0,64.74285714285715,58.604,Satisfactory
2024-03-02,Colaba,38.8,73.5,17.6,58.6,87.9,,,2024,3,5,1,60.542857142857144,57.8423076923077,Satisfactory
2024-03-03,Colaba,95.3,129.4,14.9,51.0,95.3,,,2024,3,6,1,67.95714285714287,59.229629629629635,Poor
2024-03-04,Colaba,89.0,128.6,42.2,30.8,89.0,,,2024,3,0,0,69.85714285714286,60.292857142857144,Moderate
2024-03-05,Colaba,61.5,82.9,37.2,46.5,74.4,,,2024,3,1,0,67.21428571428571,60.334482758620695,Moderate
2024-03-06,Colaba,62.2,99.4,28.8,42.7,64.0,,,2024,3,2,0,68.05714285714286,60.39666666666667,Moderate
2024-03-07,Colaba,65.1,104.9,38.3,52.2,78.3,,,2024,3,3,0,66.07142857142857,60.236666666666665,Moderate
2024-03-08,Colaba,64.1,78.9,37.4,61.6,92.3,,,2024,3,4,0,68.0,59.983333333333334,Moderate
2024-03-09,Colaba,59.9,78.3,37.0,50.5,75.8,,,2024,3,5,1,71.0142857142857,60.51,Satisfactory
2024-03-10,Colaba,82.2,101.8,29.9,27.4,82.2,,,2024,3,6,1,69.14285714285714,60.79,Moderate
2024-03-11,Colaba,79.3,131.4,20.5,23.6,79.3,,,2024,3,0,0,67.75714285714285,61.93666666666666,Moderate
2024-03-12,Colaba,32.7,60.4,15.6,18.4,32.7,,,2024,3,1,0,63.642857142857146,62.21333333333334,Satisfactory
2024-04-01,Colaba,64.8,75.7,11.2,33.3,64.8,,,2024,4,0,0,64.0142857142857,62.733333333333334,Moderate
2024-04-02,Colaba,44.3,71.1,31.5,25.2,63.0,,,2024,4,1,0,61.042857142857144,62.63333333333333,Satisfactory
2024-04-03,Colaba,102.4,142.8,12.8,34.2,102.4,,,2024,4,2,0,66.51428571428572,64.34666666666666,Poor
2024-04-04,Colaba,77.4,109.3,42.5,30.3,85.0,,,2024,4,3,0,69.01428571428572,64.87333333333332,Moderate
2024-04-05,Colaba,39.3,67.4,18.0,23.4,39.3,,,2024,4,4,0,62.885714285714286,64.97666666666667,Satisfactory
2024-04-06,Colaba,44.2,78.9,40.1,56.1,84.2,,,2024,4,5,1,57.871428571428574,64.34333333333333,Satisfactory
2024-04-07,Colaba,23.2,40.4,20.0,40.3,60.5,,,2024,4,6,1,56.51428571428571,63.27333333333333,Good
2024-04-08,Colaba,47.7,73.9,27.3,44.0,66.0,,,2024,4,0,0,54.07142857142857,62.79666666666667,Satisfactory
2024-04-09,Colaba,55.6,85.8,26.7,15.5,55.6,,,2024,4,1,0,55.68571428571429,63.45000000000001,Satisfactory
2024-04-10,Colaba,47.5,96.7,23.5,42.6,63.9,,,2024,4,2,0,47.84285714285714,62.966666666666676,Satisfactory
2024-04-11,Colaba,58.2,114.0,18.6,59.7,89.5,,,2024,4,3,0,45.1,61.78333333333333,Satisfactory
2024-04-12,Colaba,70.8,108.4,20.4,8.9,70.8,,,2024,4,4,0,49.6,61.95666666666666,Moderate
2024-05-01,Colaba,39.7,72.9,17.7,23.1,39.7,,,2024,5,2,0,48.957142857142856,61.00666666666667,Satisfactory
2024-05-02,Colaba,64.5,107.6,12.1,42.2,64.5,,,2024,5,3,0,54.857142857142854,61.71,Moderate
2024-05-03,Colaba,85.3,108.3,28.6,49.3,85.3,,,2024,5,4,0,60.22857142857142,62.03,Moderate
2024-05-04,Colaba,43.2,67.2,8.0,33.7,50.5,,,2024,5,5,1,58.457142857142856,60.80333333333333,Satisfactory
2024-05-05,Colaba,78.5,127.6,13.8,46.8,78.5,,,2024,5,6,1,62.885714285714286,61.54333333333333,Moderate
2024-05-06,Colaba,91.9,116.8,17.1,38.5,91.9,,,2024,5,0,0,67.7,61.973333333333336,Poor
2024-05-07,Colaba,70.4,93.1,26.5,30.9,70.4,,,2024,5,1,0,67.64285714285714,62.63333333333334,Moderate
2024-05-08,Colaba,73.2,123.3,23.6,30.4,73.2,,,2024,5,2,0,72.42857142857143,63.779999999999994,Moderate
2024-05-09,Colaba,55.1,78.2,17.0,36.6,55.1,,,2024,5,3,0,71.08571428571429,62.440000000000005,Satisfactory
2024-05-10,Colaba,77.4,112.4,26.2,44.4,77.4,,,2024,5,4,0,69.95714285714287,62.05333333333333,Moderate
2024-05-11,Colaba,93.6,118.0,29.6,59.5,93.6,,,2024,5,5,1,77.15714285714286,63.123333333333335,Poor
2024-05-12,Colaba,49.1,83.0,13.2,42.2,63.3,,,2024,5,6,1,72.95714285714287,62.68666666666666,Satisfactory
2024-06-01,Colaba,89.3,117.1,25.5,22.9,89.3,,,2024,6,5,1,72.58571428571429,63.49333333333333,Moderate
2024-06-02,Colaba,65.2,103.0,15.1,24.2,65.2,,,2024,6,6,1,71.84285714285714,63.53,Moderate
2024-06-03,Colaba,41.5,70.9,,27.7,41.6,,,2024,6,0,0,67.31428571428572,62.916666666666664,Satisfactory
2024-06-04,Colaba,44.8,76.3,27.7,62.5,93.8,,,2024,6,1,0,65.84285714285714,61.669999999999995,Satisfactory
2024-06-05,Colaba,47.0,72.1,20.3,29.6,47.0,,,2024,6,2,0,61.5,60.593333333333334,Satisfactory
2024-06-06,Colaba,61.1,102.1,11.5,58.4,87.5,,,2024,6,3,0,56.857142857142854,61.54,Moderate
2024-06-07,Colaba,47.8,63.7,17.6,23.8,47.8,,,2024,6,4,0,56.67142857142857,60.973333333333336,Satisfactory
2024-06-08,Colaba,32.4,55.1,24.7,61.5,92.3,,,2024,6,5,1,48.54285714285714,60.576666666666675,Satisfactory
2024-06-09,Colaba,96.0,132.4,20.4,46.9,96.0,,,2024,6,6,1,52.942857142857136,60.36333333333334,Poor
2024-06-10,Colaba,108.1,137.5,26.6,52.6,108.1,,,2024,6,0,0,62.457142857142856,61.38666666666666,Poor
2024-06-11,Colaba,52.4,80.4,20.3,27.8,52.4,,,2024,6,1,0,63.54285714285714,61.82333333333334,Satisfactory
2024-06-12,Colaba,59.7,95.5,26.0,28.3,59.7,,,2024,6,2,0,65.35714285714285,62.339999999999996,Satisfactory
2024-07-01,Colaba,49.1,80.2,15.8,44.5,66.8,,,2024,7,0,0,63.642857142857146,63.20333333333334,Satisfactory
2024-07-02,Colaba,70.4,103.4,27.0,44.2,70.4,,,2024,7,1,0,66.87142857142858,63.96,Moderate
2024-07-03,Colaba,54.9,72.5,38.1,22.8,76.1,,,2024,7,2,0,70.08571428571429,63.93666666666666,Satisfactory
2024-07-04,Colaba,79.0,103.2,17.8,45.9,79.0,,,2024,7,3,0,67.65714285714286,64.98666666666666,Moderate
2024-07-05,Colaba,61.0,82.7,27.2,39.4,61.0,,,2024,7,4,0,60.92857142857143,65.08,Moderate
2024-07-06,Colaba,56.8,82.6,16.9,20.1,56.8,,,2024,7,5,1,61.557142857142864,64.61333333333333,Satisfactory
2024-07-07,Colaba,40.5,81.0,17.4,71.6,107.4,,,2024,7,6,1,58.814285714285724,64.64,Satisfactory
2024-07-08,Colaba,49.6,81.9,24.9,54.3,81.4,,,2024,7,0,0,58.885714285714286,64.14333333333335,Satisfactory
2024-07-09,Colaba,88.0,127.2,25.5,32.2,88.0,,,2024,7,1,0,61.39999999999999,64.23333333333333,Moderate
2024-07-10,Colaba,82.1,124.0,30.1,26.3,82.1,,,2024,7,2,0,65.28571428571429,65.53,Moderate
2024-07-11,Colaba,47.0,64.8,25.3,30.8,50.5,,,2024,7,3,0,60.714285714285715,64.48,Satisfactory
2024-07-12,Colaba,83.9,112.3,24.8,28.8,83.9,,,2024,7,4,0,63.98571428571428,64.21333333333334,Moderate
2024-08-01,Colaba,48.0,75.1,20.2,62.2,93.3,,,2024,8,3,0,62.728571428571435,63.46666666666667,Satisfactory
2024-08-02,Colaba,46.4,78.7,27.3,31.4,54.7,,,2024,8,4,0,63.57142857142857,62.57333333333334,Satisfactory
2024-08-03,Colaba,51.2,82.5,36.5,22.8,73.1,,,2024,8,5,1,63.800000000000004,62.443333333333335,Satisfactory
2024-08-04,Colaba,33.6,81.9,34.4,34.4,68.9,,,2024,8,6,1,56.02857142857143,60.983333333333334,Satisfactory
2024-08-05,Colaba,55.2,76.1,20.4,49.1,73.6,,,2024,8,0,0,52.18571428571429,59.70333333333333,Satisfactory
2024-08-06,Colaba,76.5,107.2,14.7,24.5,76.5,,,2024,8,1,0,56.4,60.61666666666667,Moderate
2024-08-07,Colaba,69.9,101.7,18.1,48.4,72.6,,,2024,8,2,0,54.39999999999999,59.970000000000006,Moderate
2024-08-08,Colaba,110.5,135.2,21.1,52.5,110.5,,,2024,8,3,0,63.32857142857142,61.480000000000004,Poor
2024-08-09,Colaba,74.0,107.9,32.2,47.6,74.0,,,2024,8,4,0,67.27142857142857,62.56333333333334,Moderate
2024-08-10,Colaba,92.7,111.2,27.4,30.9,92.7,,,2024,8,5,1,73.2,64.16000000000001,Poor
2024-08-11,Colaba,64.7,79.1,27.6,50.0,75.0,,,2024,8,6,1,77.64285714285714,64.75,Moderate
2024-08-12,Colaba,51.1,72.3,23.6,60.5,90.8,,,2024,8,0,0,77.05714285714285,64.41666666666667,Satisfactory
2024-09-01,Colaba,59.7,79.2,31.6,25.3,63.2,,,2024,9,6,1,74.65714285714286,64.81333333333333,Satisfactory
2024-09-02,Colaba,97.3,132.1,15.5,47.9,97.3,,,2024,9,0,0,78.57142857142857,66.97666666666666,Poor
2024-09-03,Colaba,83.3,113.4,17.1,45.5,83.3,,,2024,9,1,0,74.6857142857143,66.55333333333333,Moderate
2024-09-04,Colaba,25.7,69.3,24.1,54.9,82.3,,,2024,9,2,0,67.78571428571429,63.806666666666665,Good
2024-09-05,Colaba,70.0,90.2,25.8,49.0,73.5,,,2024,9,3,0,64.54285714285713,64.39333333333333,Moderate
2024-09-06,Colaba,53.3,100.0,22.9,22.0,53.3,,,2024,9,4,0,62.91428571428571,64.18,Satisfactory
2024-09-07,Colaba,48.5,79.7,45.5,38.8,91.0,,,2024,9,5,1,62.54285714285714,64.16,Satisfactory
2024-09-08,Colaba,73.6,122.1,29.7,35.7,73.6,,,2024,9,6,1,64.52857142857142,64.26666666666667,Moderate
2024-09-09,Colaba,81.0,105.6,35.5,42.4,81.0,,,2024,9,0,0,62.199999999999996,65.13666666666667,Moderate
2024-09-10,Colaba,58.7,92.0,27.6,45.1,67.6,,,2024,9,1,0,58.68571428571429,64.46,Satisfactory
2024-09-11,Colaba,20.1,53.9,34.8,25.5,69.6,,,2024,9,2,0,57.88571428571429,63.09666666666667,Good
2024-09-12,Colaba,32.6,46.4,36.8,37.5,73.5,,,2024,9,3,0,52.542857142857144,62.29,Satisfactory
2024-10-01,Colaba,64.2,74.6,14.4,42.4,64.2,,,2024,10,1,0,54.10000000000001,63.080000000000005,Moderate
2024-10-02,Colaba,40.5,78.4,34.3,30.2,68.5,,,2024,10,2,0,52.95714285714286,62.776666666666664,Satisfactory
2024-10-03,Colaba,64.0,88.0,25.6,35.4,64.0,,,2024,10,3,0,51.58571428571429,61.97666666666667,Moderate
2024-10-04,Colaba,28.1,52.1,25.0,40.6,60.8,,,2024,10,4,0,44.028571428571425,60.17666666666666,Good
2024-10-05,Colaba,26.6,62.0,19.7,46.8,70.3,,,2024,10,5,1,39.44285714285714,59.49666666666667,Good
2024-10-06,Colaba,55.1,82.4,3.4,39.3,59.0,,,2024,10,6,1,44.442857142857136,58.53666666666666,Satisfactory
2024-10-07,Colaba,83.0,106.0,24.7,61.2,91.9,,,2024,10,0,0,51.642857142857146,59.70333333333333,Moderate
2024-10-08,Colaba,71.8,112.9,31.6,46.1,71.8,,,2024,10,1,0,52.72857142857142,60.55,Moderate
2024-10-09,Colaba,101.5,124.6,38.9,42.4,101.5,,,2024,10,2,0,61.44285714285714,62.22666666666667,Poor
2024-10-10,Colaba,92.3,126.8,23.0,51.6,92.3,,,2024,10,3,0,65.4857142857143,64.18333333333334,Poor
2024-10-11,Colaba,93.5,127.6,19.4,39.3,93.5,,,2024,10,4,0,74.82857142857142,65.46000000000001,Poor
2024-10-12,Colaba,46.6,87.0,20.2,61.9,92.9,,,2024,10,5,1,77.68571428571428,64.46333333333334,Satisfactory
2024-11-01,Colaba,74.8,106.5,24.1,36.4,74.8,,,2024,11,4,0,80.5,64.62666666666667,Moderate
2024-11-02,Colaba,79.3,113.4,31.6,62.8,94.1,,,2024,11,5,1,79.97142857142858,63.586666666666666,Moderate
2024-11-03,Colaba,62.3,98.9,37.7,25.1,75.4,,,2024,11,6,1,78.61428571428571,63.19666666666667,Moderate
2024-11-04,Colaba,51.0,87.2,16.5,38.3,57.4,,,2024,11,0,0,71.4,61.80666666666666,Satisfactory
2024-11-05,Colaba,44.7,56.7,12.0,40.6,60.9,,,2024,11,1,0,64.6,61.14,Satisfactory
2024-11-06,Colaba,55.4,92.3,39.8,53.5,80.3,,,2024,11,2,0,59.15714285714286,61.28333333333333,Satisfactory
2024-11-07,Colaba,47.5,95.6,30.7,33.3,61.3,,,2024,11,3,0,59.285714285714285,60.876666666666665,Satisfactory
2024-11-08,Colaba,81.3,123.0,36.1,47.8,81.3,,,2024,11,4,0,60.214285714285715,60.343333333333334,Moderate
2024-11-09,Colaba,47.0,72.1,22.4,45.1,67.6,,,2024,11,5,1,55.60000000000001,59.13333333333333,Satisfactory
2024-11-10,Colaba,83.8,101.5,29.8,48.4,83.8,,,2024,11,6,1,58.67142857142857,61.07,Moderate
2024-11-11,Colaba,71.2,101.9,29.3,29.0,71.2,,,2024,11,0,0,61.55714285714286,61.11,Moderate
2024-11-12,Colaba,73.6,98.7,42.3,32.7,84.5,,,2024,11,1,0,65.68571428571428,61.78666666666666,Moderate
2024-12-01,Colaba,30.4,53.2,21.3,52.7,79.0,,,2024,12,6,1,62.11428571428571,61.18333333333333,Satisfactory
2024-12-02,Colaba,55.1,77.6,17.9,30.2,55.1,,,2024,12,0,0,63.199999999999996,60.56666666666667,Satisfactory
2024-12-03,Colaba,102.7,113.1,23.8,47.1,102.7,,,2024,12,1,0,66.25714285714285,61.29,Poor
2024-12-04,Colaba,62.4,97.6,30.7,26.5,62.4,,,2024,12,2,0,68.45714285714286,61.413333333333334,Moderate
2024-12-05,Colaba,65.2,86.2,30.1,20.1,65.2,,,2024,12,3,0,65.8,62.916666666666664,Moderate
2024-12-06,Colaba,54.6,73.6,45.6,40.7,91.2,,,2024,12,4,0,63.42857142857143,63.65,Satisfactory
2024-12-07,Colaba,72.6,112.4,30.0,21.2,72.6,,,2024,12,5,1,63.285714285714285,63.93,Moderate
2024-12-08,Colaba,56.7,88.1,34.7,30.2,69.3,,,2024,12,6,1,67.04285714285714,64.47,Satisfactory
2024-12-09,Colaba,70.5,94.7,24.8,65.7,98.6,,,2024,12,0,0,69.24285714285715,64.68666666666667,Moderate
2024-12-10,Colaba,54.0,97.8,23.8,41.5,62.3,,,2024,12,1,0,62.285714285714285,65.55,Satisfactory
2024-12-11,Colaba,63.4,79.3,24.1,29.2,63.4,,,2024,12,2,0,62.42857142857143,66.77666666666667,Moderate
2024-12-12,Colaba,74.8,107.8,35.4,58.7,88.1,,,2024,12,3,0,63.800000000000004,67.43333333333334,Moderate
2024-01-01,Kurla,91.6,131.4,32.0,34.5,91.6,,,2024,1,0,0,91.6,,Poor
2024-01-02,Kurla,54.2,76.4,38.9,29.7,77.8,,,2024,1,1,0,72.9,,Satisfactory
2024-01-03,Kurla,58.1,83.9,17.4,47.3,70.9,,,2024,1,2,0,67.96666666666667,,Satisfactory
2024-01-04,Kurla,85.5,118.9,15.3,27.1,85.5,,,2024,1,3,0,72.35,,Moderate
2024-01-05,Kurla,99.8,121.5,20.6,38.2,99.8,,,2024,1,4,0,77.84,,Poor
2024-01-06,Kurla,73.6,95.5,24.6,38.1,73.6,,,2024,1,5,1,77.13333333333334,,Moderate
2024-01-07,Kurla,60.1,69.3,26.3,66.6,99.8,,,2024,1,6,1,74.7,74.7,Moderate
2024-01-08,Kurla,57.0,83.7,16.7,25.9,57.0,,,2024,1,0,0,69.75714285714285,72.4875,Satisfactory
2024-01-09,Kurla,92.3,119.1,35.6,23.1,92.3,,,2024,1,1,0,75.2,74.6888888888889,Poor
2024-01-10,Kurla,46.4,73.2,18.8,36.9,55.3,,,2024,1,2,0,73.52857142857144,71.86,Satisfactory
2024-01-11,Kurla,49.7,82.1,24.5,53.5,80.3,,,2024,1,3,0,68.41428571428573,69.84545454545454,Satisfactory
2024-01-12,Kurla,37.6,76.9,23.9,33.7,50.6,,,2024,1,4,0,59.528571428571425,67.15833333333333,Satisfactory
2024-02-01,Kurla,42.2,81.8,32.0,57.7,86.5,,,2024,2,3,0,55.04285714285714,65.23846153846154,Satisfactory
2024-02-02,Kurla,48.9,80.9,15.4,35.3,52.9,,,2024,2,4,0,53.44285714285714,64.07142857142857,Satisfactory
2024-02-03,Kurla,33.7,71.4,17.0,31.0,46.5,,,2024,2,5,1,50.114285714285714,62.04666666666667,Satisfactory
2024-02-04,Kurla,93.5,114.1,15.8,53.6,93.5,,,2024,2,6,1,50.285714285714285,64.0125,Poor
2024-02-05,Kurla,76.8,108.9,14.7,33.6,76.8,,,2024,2,0,0,54.62857142857143,64.76470588235294,Moderate
2024-02-06,Kurla,66.6,111.1,32.0,27.1,66.6,,,2024,2,1,0,57.04285714285714,64.86666666666666,Moderate
2024-02-07,Kurla,52.8,75.5,28.0,43.7,65.6,,,2024,2,2,0,59.214285714285715,64.23157894736842,Satisfactory
2024-02-08,Kurla,69.3,93.8,27.5,29.4,69.3,,,2024,2,3,0,63.08571428571428,64.485,Moderate
2024-02-09,Kurla,71.7,94.4,13.7,42.6,71.7,,,2024,2,4,0,66.34285714285714,64.82857142857144,Moderate
2024-02-10,Kurla,92.0,130.0,31.9,23.0,92.0,,,2024,2,5,1,74.67142857142858,66.06363636363636,Poor
2024-02-11,Kurla,61.7,84.3,32.9,37.4,65.8,,,2024,2,6,1,70.12857142857142,65.87391304347825,Moderate
2024-02-12,Kurla,32.8,52.0,8.8,38.8,58.2,,,2024,2,0,0,63.84285714285714,64.49583333333334,Satisfactory
2024-03-01,Kurla,47.9,75.6,11.9,35.3,52.9,,,2024,3,4,0,61.17142857142857,63.832,Satisfactory
2024-03-02,Kurla,66.3,93.0,24.3,33.6,66.3,,,2024,3,5,1,63.1,63.926923076923075,Moderate
2024-03-03,Kurla,30.7,55.7,32.8,46.2,69.3,,,2024,3,6,1,57.58571428571428,62.696296296296296,Satisfactory
2024-03-04,Kurla,66.8,87.4,26.7,27.7,66.8,,,2024,3,0,0,56.885714285714286,62.84285714285714,Moderate
2024-03-05,Kurla,47.9,77.1,28.4,45.0,67.5,,,2024,3,1,0,50.58571428571428,62.327586206896555,Satisfactory
2024-03-06,Kurla,87.5,120.7,30.5,57.6,87.5,,,2024,3,2,0,54.271428571428565,63.166666666666664,Moderate
2024-03-07,Kurla,83.9,101.3,30.9,47.1,83.9,,,2024,3,3,0,61.57142857142857,62.910000000000004,Moderate
2024-03-08,Kurla,63.6,106.7,29.7,35.1,63.6,,,2024,3,4,0,63.814285714285724,63.223333333333336,Moderate
2024-03-09,Kurla,80.2,101.7,13.0,38.9,80.2,,,2024,3,5,1,65.8,63.96,Moderate
2024-03-10,Kurla,37.0,38.6,18.5,51.5,77.2,,,2024,3,6,1,66.7,62.343333333333334,Satisfactory
2024-03-11,Kurla,70.5,95.8,19.8,41.0,70.5,,,2024,3,0,0,67.22857142857143,61.36666666666667,Moderate
2024-03-12,Kurla,48.0,68.4,24.5,44.4,66.6,,,2024,3,1,0,67.24285714285715,60.513333333333335,Satisfactory
2024-04-01,Kurla,79.9,105.3,30.1,37.7,79.9,,,2024,4,0,0,66.15714285714286,61.173333333333325,Moderate
2024-04-02,Kurla,29.7,62.9,39.0,40.2,78.1,,,2024,4,1,0,58.41428571428572,60.26333333333333,Good
2024-04-03,Kurla,79.6,114.8,16.2,36.0,79.6,,,2024,4,2,0,60.699999999999996,59.84,Moderate
2024-04-04,Kurla,82.0,122.6,29.3,44.3,82.0,,,2024,4,3,0,60.957142857142856,61.02666666666667,Moderate
2024-04-05,Kurla,24.5,65.1,27.0,56.6,84.9,,,2024,4,4,0,59.17142857142857,60.186666666666675,Good
2024-04-06,Kurla,37.8,67.4,20.7,21.2,41.5,,,2024,4,5,1,54.5,60.193333333333335,Satisfactory
2024-04-07,Kurla,57.2,90.5,33.2,50.5,75.7,,,2024,4,6,1,55.81428571428571,60.69333333333334,Satisfactory
2024-04-08,Kurla,65.1,92.7,25.1,36.1,65.1,,,2024,4,0,0,53.699999999999996,61.233333333333334,Moderate
2024-04-09,Kurla,58.3,93.7,32.6,39.3,65.2,,,2024,4,1,0,57.785714285714285,62.05333333333333,Satisfactory
2024-04-10,Kurla,70.3,98.1,24.8,31.7,70.3,,,2024,4,2,0,56.457142857142856,61.279999999999994,Moderate
2024-04-11,Kurla,60.3,95.1,22.9,18.0,60.3,,,2024,4,3,0,53.357142857142854,60.730000000000004,Moderate
2024-04-12,Kurla,101.9,116.7,34.3,51.7,101.9,,,2024,4,4,0,64.41428571428571,61.906666666666666,Poor
2024-05-01,Kurla,66.5,85.0,25.7,4.1,66.5,,,2024,5,2,0,68.51428571428572,62.36333333333334,Moderate
2024-05-02,Kurla,64.5,101.4,14.8,60.4,90.6,,,2024,5,3,0,69.55714285714285,62.20333333333333,Moderate
2024-05-03,Kurla,44.4,87.7,15.4,50.7,76.1,,,2024,5,4,0,66.6,61.29333333333334,Satisfactory
2024-05-04,Kurla,95.2,125.2,15.5,45.4,95.2,,,2024,5,5,1,71.87142857142857,61.4,Poor
2024-05-05,Kurla,68.9,109.9,28.7,56.2,84.2,,,2024,5,6,1,71.67142857142858,61.64,Moderate
2024-05-06,Kurla,66.9,122.0,10.3,39.6,66.9,,,2024,5,0,0,72.61428571428571,62.77666666666667,Moderate
2024-05-07,Kurla,37.1,75.3,24.5,40.9,61.3,,,2024,5,1,0,63.357142857142854,62.416666666666664,Satisfactory
2024-05-08,Kurla,56.7,88.8,17.1,27.8,56.7,,,2024,5,2,0,61.957142857142856,62.09666666666667,Satisfactory
2024-05-09,Kurla,97.1,129.4,22.2,20.7,97.1,,,2024,5,3,0,66.61428571428573,64.31,Poor
2024-05-10,Kurla,64.1,101.8,12.1,43.6,65.4,,,2024,5,4,0,69.42857142857143,64.22,Moderate
2024-05-11,Kurla,51.3,89.3,22.6,37.0,55.6,,,2024,5,5,1,63.15714285714286,64.33333333333333,Satisfactory
2024-05-12,Kurla,44.4,76.5,21.3,42.2,63.3,,,2024,5,6,1,59.65714285714286,62.89666666666667,Satisfactory
2024-06-01,Kurla,56.3,70.0,34.6,49.3,74.0,,,2024,6,5,1,58.142857142857146,61.97666666666667,Satisfactory
2024-06-02,Kurla,64.0,110.4,19.1,61.8,92.7,,,2024,6,6,1,61.98571428571428,61.99,Moderate
2024-06-03,Kurla,77.9,126.2,21.7,48.5,77.9,,,2024,6,0,0,65.01428571428572,61.91333333333333,Moderate
2024-06-04,Kurla,101.7,121.6,22.1,45.0,101.7,,,2024,6,1,0,65.67142857142856,64.07,Poor
2024-06-05,Kurla,70.4,99.5,43.2,50.7,86.4,,,2024,6,2,0,66.57142857142857,64.06666666666666,Moderate
2024-06-06,Kurla,72.8,104.0,24.1,24.4,72.8,,,2024,6,3,0,69.64285714285714,64.89333333333333,Moderate
2024-06-07,Kurla,61.5,90.0,34.5,39.0,69.1,,,2024,6,4,0,72.08571428571429,64.28,Moderate
2024-06-08,Kurla,32.2,46.2,15.3,41.9,62.9,,,2024,6,5,1,68.64285714285714,64.36333333333333,Satisfactory
2024-06-09,Kurla,54.7,81.4,32.7,45.5,68.3,,,2024,6,6,1,67.31428571428572,63.53333333333333,Satisfactory
2024-06-10,Kurla,78.6,104.5,30.6,73.8,110.7,,,2024,6,0,0,67.41428571428573,63.419999999999995,Moderate
2024-06-11,Kurla,79.7,102.6,12.7,38.1,79.7,,,2024,6,1,0,64.27142857142857,65.26,Moderate
2024-06-12,Kurla,90.2,126.2,29.1,34.8,90.2,,,2024,6,2,0,67.10000000000001,67.00666666666667,Poor
2024-07-01,Kurla,69.3,114.5,17.4,61.0,91.5,,,2024,7,0,0,66.6,67.41,Moderate
2024-07-02,Kurla,75.5,111.0,26.9,37.0,75.5,,,2024,7,1,0,68.6,67.75666666666667,Moderate
2024-07-03,Kurla,105.6,129.5,12.7,17.4,105.6,,,2024,7,2,0,79.08571428571429,69.33333333333333,Poor
2024-07-04,Kurla,58.9,79.1,34.0,67.8,101.8,,,2024,7,3,0,79.68571428571428,68.95333333333333,Satisfactory
2024-07-05,Kurla,71.5,88.7,14.7,43.5,71.5,,,2024,7,4,0,78.67142857142858,69.32666666666665,Moderate
2024-07-06,Kurla,64.7,87.1,7.5,54.3,81.5,,,2024,7,5,1,76.52857142857144,68.08666666666667,Moderate
2024-07-07,Kurla,37.6,63.7,26.4,54.8,82.1,,,2024,7,6,1,69.0142857142857,67.12333333333333,Satisfactory
2024-07-08,Kurla,42.1,77.3,25.3,16.4,50.6,,,2024,7,0,0,65.12857142857142,66.37666666666667,Satisfactory
2024-07-09,Kurla,36.4,68.1,30.4,58.3,87.5,,,2024,7,1,0,59.542857142857144,66.11,Satisfactory
2024-07-10,Kurla,57.9,91.8,19.1,42.2,63.3,,,2024,7,2,0,52.72857142857142,64.86666666666666,Satisfactory
2024-07-11,Kurla,50.3,70.7,23.6,45.9,68.8,,,2024,7,3,0,51.5,64.24666666666667,Satisfactory
2024-07-12,Kurla,30.3,58.2,34.7,21.7,69.3,,,2024,7,4,0,45.614285714285714,63.026666666666664,Satisfactory
2024-08-01,Kurla,78.6,106.3,34.1,26.7,78.6,,,2024,8,3,0,47.6,64.41,Moderate
2024-08-02,Kurla,84.0,115.4,9.3,26.6,84.0,,,2024,8,4,0,54.22857142857142,65.32,Moderate
2024-08-03,Kurla,74.3,85.4,22.0,45.2,74.3,,,2024,8,5,1,58.82857142857143,64.56,Moderate
2024-08-04,Kurla,63.9,84.9,12.6,43.1,64.6,,,2024,8,6,1,62.75714285714285,64.55333333333333,Moderate
2024-08-05,Kurla,62.9,86.8,26.1,59.1,88.6,,,2024,8,0,0,63.471428571428575,64.94,Moderate
2024-08-06,Kurla,79.2,109.7,26.8,52.9,79.3,,,2024,8,1,0,67.6,66.1,Moderate
2024-08-07,Kurla,72.1,93.6,44.9,43.2,89.8,,,2024,8,2,0,73.57142857142857,66.62666666666667,Moderate
2024-08-08,Kurla,73.1,111.2,17.0,45.0,73.1,,,2024,8,3,0,72.78571428571429,66.92999999999999,Moderate
2024-08-09,Kurla,77.8,115.4,25.5,44.7,77.8,,,2024,8,4,0,71.9,66.92666666666666,Moderate
2024-08-10,Kurla,69.2,101.2,16.8,42.5,69.2,,,2024,8,5,1,71.17142857142856,65.84333333333333,Moderate
2024-08-11,Kurla,59.8,92.9,39.5,35.9,79.0,,,2024,8,6,1,70.58571428571429,65.49,Satisfactory
2024-08-12,Kurla,38.9,70.2,17.1,30.5,45.7,,,2024,8,0,0,67.15714285714286,64.36,Satisfactory
2024-09-01,Kurla,43.5,67.4,20.8,27.3,43.5,,,2024,9,6,1,62.05714285714286,63.76,Satisfactory
2024-09-02,Kurla,56.3,89.4,24.5,54.6,81.9,,,2024,9,0,0,59.8,64.56333333333333,Satisfactory
2024-09-03,Kurla,63.7,98.0,26.8,55.3,83.0,,,2024,9,1,0,58.457142857142856,64.86333333333333,Moderate
2024-09-04,Kurla,82.1,116.8,25.0,32.9,82.1,,,2024,9,2,0,59.07142857142857,64.97999999999999,Moderate
2024-09-05,Kurla,73.9,92.5,24.1,30.3,73.9,,,2024,9,3,0,59.74285714285714,64.78666666666666,Moderate
2024-09-06,Kurla,64.5,103.5,22.6,55.7,83.6,,,2024,9,4,0,60.41428571428571,63.92999999999999,Moderate
2024-09-07,Kurla,85.5,114.0,29.3,50.1,85.5,,,2024,9,5,1,67.07142857142857,64.47,Moderate
2024-09-08,Kurla,42.9,73.8,14.9,18.5,42.9,,,2024,9,6,1,66.98571428571428,63.38333333333333,Satisfactory
2024-09-09,Kurla,85.0,101.7,22.2,30.7,85.0,,,2024,9,0,0,71.08571428571429,62.69666666666667,Moderate
2024-09-10,Kurla,89.2,123.7,32.7,37.2,89.2,,,2024,9,1,0,74.72857142857143,63.70666666666666,Moderate
2024-09-11,Kurla,65.6,90.5,18.2,33.0,65.6,,,2024,9,2,0,72.37142857142857,63.51,Moderate
2024-09-12,Kurla,51.5,67.9,17.2,48.4,72.7,,,2024,9,3,0,69.17142857142856,63.07,Satisfactory
2024-10-01,Kurla,84.5,111.9,27.8,33.2,84.5,,,2024,10,1,0,72.02857142857142,64.63333333333334,Moderate
2024-10-02,Kurla,21.0,52.4,10.5,49.1,73.7,,,2024,10,2,0,62.81428571428571,63.93,Good
2024-10-03,Kurla,41.0,64.2,18.8,50.0,74.9,,,2024,10,3,0,62.542857142857144,64.08333333333333,Satisfactory
2024-10-04,Kurla,38.2,76.5,32.3,21.5,64.6,,,2024,10,4,0,55.857142857142854,63.42666666666666,Satisfactory
2024-10-05,Kurla,52.2,78.1,21.2,24.9,52.2,,,2024,10,5,1,50.57142857142857,63.489999999999995,Satisfactory
2024-10-06,Kurla,66.4,98.4,14.8,43.4,66.4,,,2024,10,6,1,50.68571428571429,64.69333333333333,Moderate
2024-10-07,Kurla,84.4,124.9,32.0,36.2,84.4,,,2024,10,0,0,55.38571428571429,64.88666666666667,Moderate
2024-10-08,Kurla,52.3,81.1,21.8,25.8,52.3,,,2024,10,1,0,50.785714285714285,63.830000000000005,Satisfactory
2024-10-09,Kurla,67.6,109.9,20.2,11.3,67.6,,,2024,10,2,0,57.44285714285714,63.60666666666666,Moderate
2024-10-10,Kurla,75.0,107.8,17.4,43.8,75.0,,,2024,10,3,0,62.300000000000004,63.97666666666667,Moderate
2024-10-11,Kurla,50.4,84.0,43.8,31.4,87.6,,,2024,10,4,0,64.04285714285713,63.559999999999995,Satisfactory
2024-10-12,Kurla,33.9,47.9,20.0,48.8,73.2,,,2024,10,5,1,61.42857142857143,62.04999999999999,Satisfactory
2024-11-01,Kurla,23.6,56.3,9.7,39.2,58.8,,,2024,11,4,0,55.31428571428571,60.43333333333333,Good
2024-11-02,Kurla,58.1,92.3,18.1,55.4,83.0,,,2024,11,5,1,51.55714285714286,59.93333333333333,Satisfactory
2024-11-03,Kurla,78.0,112.5,34.5,25.9,78.0,,,2024,11,6,1,55.228571428571435,59.940000000000005,Moderate
2024-11-04,Kurla,91.8,127.5,36.2,23.9,91.8,,,2024,11,0,0,58.68571428571429,60.693333333333335,Poor
2024-11-05,Kurla,57.4,81.8,1.6,64.6,97.0,,,2024,11,1,0,56.17142857142857,60.61333333333334,Satisfactory
2024-11-06,Kurla,43.4,67.0,18.5,27.2,43.4,,,2024,11,2,0,55.17142857142858,60.763333333333335,Satisfactory
2024-11-07,Kurla,48.6,81.9,32.5,37.3,64.9,,,2024,11,3,0,57.271428571428565,60.93333333333333,Satisfactory
2024-11-08,Kurla,52.0,84.7,24.6,42.2,63.3,,,2024,11,4,0,61.32857142857143,60.79,Satisfactory
2024-11-09,Kurla,51.8,90.9,29.3,45.1,67.7,,,2024,11,5,1,60.42857142857143,60.39333333333333,Satisfactory
2024-11-10,Kurla,40.2,63.8,26.5,43.6,65.4,,,2024,11,6,1,55.028571428571425,58.99666666666667,Satisfactory
2024-11-11,Kurla,51.7,81.0,28.2,43.2,64.7,,,2024,11,0,0,49.3,58.25666666666667,Satisfactory
2024-11-12,Kurla,56.1,81.4,25.4,19.1,56.1,,,2024,11,1,0,49.114285714285714,57.97666666666667,Satisfactory
2024-12-01,Kurla,32.6,82.5,32.3,41.3,64.6,,,2024,12,6,1,47.57142857142857,56.21333333333334,Satisfactory
2024-12-02,Kurla,80.8,116.7,24.0,47.0,80.8,,,2024,12,0,0,52.17142857142858,57.47666666666667,Moderate
2024-12-03,Kurla,93.3,138.6,30.9,61.4,93.3,,,2024,12,1,0,58.07142857142857,57.75333333333333,Poor
2024-12-04,Kurla,32.7,61.2,29.0,61.6,92.3,,,2024,12,2,0,55.34285714285714,55.870000000000005,Satisfactory
2024-12-05,Kurla,81.8,108.0,25.2,25.9,81.8,,,2024,12,3,0,61.285714285714285,56.41,Moderate
2024-12-06,Kurla,102.5,145.8,40.4,25.3,102.5,,,2024,12,4,0,68.54285714285714,58.11,Poor
2024-12-07,Kurla,81.3,125.8,17.7,30.0,81.3,,,2024,12,5,1,72.14285714285714,58.00333333333333,Moderate
2024-12-08,Kurla,46.6,88.3,15.6,45.9,68.8,,,2024,12,6,1,74.14285714285714,58.85666666666667,Satisfactory
2024-12-09,Kurla,54.4,71.6,29.1,30.0,58.2,,,2024,12,0,0,70.37142857142858,59.30333333333333,Satisfactory
2024-12-10,Kurla,36.2,76.8,29.6,31.5,59.2,,,2024,12,1,0,62.214285714285715,59.236666666666665,Satisfactory
2024-12-11,Kurla,85.7,91.4,5.9,34.0,85.7,,,2024,12,2,0,69.78571428571429,60.35333333333334,Moderate
2024-12-12,Kurla,69.9,103.7,21.7,52.1,78.1,,,2024,12,3,0,68.08571428571429,60.47,Moderate
2024-01-01,Powai,66.5,91.2,31.7,23.7,66.5,,,2024,1,0,0,66.5,,Moderate
2024-01-02,Powai,51.7,85.1,27.8,29.2,55.6,,,2024,1,1,0,59.1,,Satisfactory
2024-01-03,Powai,67.7,106.1,19.6,5.0,67.7,,,2024,1,2,0,61.96666666666667,,Moderate
2024-01-04,Powai,30.1,72.9,19.7,48.7,73.0,,,2024,1,3,0,54.0,,Satisfactory
2024-01-05,Powai,33.2,67.5,19.5,51.6,77.4,,,2024,1,4,0,49.84,,Satisfactory
2024-01-06,Powai,51.5,77.0,10.6,36.0,54.1,,,2024,1,5,1,50.11666666666667,,Satisfactory
2024-01-07,Powai,32.4,58.0,22.9,39.2,58.7,,,2024,1,6,1,47.58571428571429,47.58571428571429,Satisfactory
2024-01-08,Powai,79.4,109.3,20.2,21.3,79.4,,,2024,1,0,0,49.42857142857143,51.5625,Moderate
2024-01-09,Powai,50.2,96.1,15.1,26.5,50.2,,,2024,1,1,0,49.214285714285715,51.41111111111112,Satisfactory
2024-01-10,Powai,45.8,71.9,21.7,52.3,78.4,,,2024,1,2,0,46.08571428571428,50.85,Satisfactory
2024-01-11,Powai,80.8,111.7,20.9,9.4,80.8,,,2024,1,3,0,53.32857142857143,53.57272727272727,Moderate
2024-01-12,Powai,80.5,108.6,20.4,36.6,80.5,,,2024,1,4,0,60.08571428571429,55.81666666666666,Moderate
2024-02-01,Powai,42.0,62.3,33.6,51.3,77.0,,,2024,2,3,0,58.728571428571435,54.75384615384615,Satisfactory
2024-02-02,Powai,50.2,91.0,29.0,64.9,97.4,,,2024,2,4,0,61.271428571428565,54.42857142857143,Satisfactory
2024-02-03,Powai,70.5,88.3,8.9,6.0,70.5,,,2024,2,5,1,60.0,55.5,Moderate
2024-02-04,Powai,34.6,71.3,30.4,44.6,66.9,,,2024,2,6,1,57.771428571428565,54.19375,Satisfactory
2024-02-05,Powai,79.9,123.6,18.2,45.7,79.9,,,2024,2,0,0,62.642857142857146,55.705882352941174,Moderate
2024-02-06,Powai,74.7,91.9,33.4,45.9,74.7,,,2024,2,1,0,61.77142857142858,56.76111111111111,Moderate
2024-02-07,Powai,73.8,96.9,22.8,39.8,73.8,,,2024,2,2,0,60.814285714285724,57.6578947368421,Moderate
2024-02-08,Powai,76.4,110.6,17.3,33.5,76.4,,,2024,2,3,0,65.72857142857143,58.595000000000006,Moderate
2024-02-09,Powai,38.1,67.4,28.5,48.9,73.3,,,2024,2,4,0,64.00000000000001,57.61904761904762,Satisfactory
2024-02-10,Powai,52.4,103.3,28.4,24.7,56.9,,,2024,2,5,1,61.41428571428572,57.38181818181818,Satisfactory
2024-02-11,Powai,56.6,83.4,28.1,38.2,57.2,,,2024,2,6,1,64.55714285714286,57.34782608695652,Satisfactory
2024-02-12,Powai,71.6,115.7,20.0,41.2,71.6,,,2024,2,0,0,63.37142857142857,57.94166666666666,Moderate
2024-03-01,Powai,69.7,110.5,18.0,44.2,69.7,,,2024,3,4,0,62.65714285714285,58.412,Moderate
2024-03-02,Powai,83.6,125.0,13.9,49.2,83.6,,,2024,3,5,1,64.05714285714285,59.38076923076923,Moderate
2024-03-03,Powai,76.3,107.6,23.2,56.7,85.0,,,2024,3,6,1,64.04285714285713,60.007407407407406,Moderate
2024-03-04,Powai,40.1,72.6,15.5,37.0,55.5,,,2024,3,0,0,64.32857142857142,59.29642857142857,Satisfactory
2024-03-05,Powai,72.6,97.9,18.8,59.3,89.0,,,2024,3,1,0,67.21428571428571,59.755172413793105,Moderate
2024-03-06,Powai,45.3,73.9,37.8,48.8,75.6,,,2024,3,2,0,65.6,59.27333333333333,Satisfactory
2024-03-07,Powai,63.0,94.0,28.5,50.1,75.2,,,2024,3,3,0,64.37142857142857,59.156666666666666,Moderate
2024-03-08,Powai,50.7,65.8,18.5,26.4,50.7,,,2024,3,4,0,61.65714285714286,59.123333333333335,Satisfactory
2024-03-09,Powai,111.4,118.9,29.9,33.3,111.4,,,2024,3,5,1,65.62857142857142,60.58,Poor
2024-03-10,Powai,57.4,80.9,7.4,59.2,88.8,,,2024,3,6,1,62.92857142857143,61.49,Satisfactory
2024-03-11,Powai,53.6,65.8,17.5,45.7,68.6,,,2024,3,0,0,64.85714285714286,62.169999999999995,Satisfactory
2024-03-12,Powai,66.8,86.8,25.2,22.4,66.8,,,2024,3,1,0,64.02857142857142,62.67999999999999,Moderate
2024-04-01,Powai,57.5,96.0,24.1,35.4,57.5,,,2024,4,0,0,65.77142857142857,63.516666666666666,Satisfactory
2024-04-02,Powai,58.9,83.4,26.3,51.3,77.0,,,2024,4,1,0,65.18571428571428,62.833333333333336,Satisfactory
2024-04-03,Powai,72.7,118.9,13.9,39.6,72.7,,,2024,4,2,0,68.32857142857144,63.583333333333336,Moderate
2024-04-04,Powai,80.6,118.6,25.1,28.3,80.6,,,2024,4,3,0,63.92857142857143,64.74333333333333,Moderate
2024-04-05,Powai,64.5,100.9,18.4,25.4,64.5,,,2024,4,4,0,64.94285714285715,64.2,Moderate
2024-04-06,Powai,60.2,87.8,25.6,33.9,60.2,,,2024,4,5,1,65.88571428571429,63.52333333333333,Moderate
2024-04-07,Powai,67.9,102.4,12.3,40.6,67.9,,,2024,4,6,1,66.04285714285714,64.38666666666667,Moderate
2024-04-08,Powai,51.8,74.4,12.0,64.3,96.4,,,2024,4,0,0,65.22857142857143,64.44,Satisfactory
2024-04-09,Powai,48.3,72.1,17.7,60.2,90.3,,,2024,4,1,0,63.714285714285715,63.7,Satisfactory
2024-04-10,Powai,74.1,109.4,26.3,23.4,74.1,,,2024,4,2,0,63.91428571428571,65.01666666666667,Moderate
2024-04-11,Powai,94.3,123.3,27.6,51.4,94.3,,,2024,4,3,0,65.87142857142858,65.49666666666667,Poor
2024-04-12,Powai,24.6,58.3,21.9,42.4,63.6,,,2024,4,4,0,60.17142857142857,63.82666666666667,Good
2024-05-01,Powai,70.8,109.6,19.7,39.3,70.8,,,2024,5,2,0,61.68571428571429,63.72666666666667,Moderate
2024-05-02,Powai,70.0,91.2,30.9,32.3,70.0,,,2024,5,3,0,61.98571428571428,63.51333333333333,Moderate
2024-05-03,Powai,27.7,55.4,23.0,47.5,71.3,,,2024,5,4,0,58.542857142857144,63.166666666666664,Good
2024-05-04,Powai,72.9,103.1,6.4,49.4,74.1,,,2024,5,5,1,62.057142857142864,63.85,Moderate
2024-05-05,Powai,48.6,77.4,16.5,39.9,59.8,,,2024,5,6,1,58.41428571428571,63.583333333333336,Satisfactory
2024-05-06,Powai,17.9,68.3,26.2,44.8,67.2,,,2024,5,0,0,47.50000000000001,61.79333333333334,Good
2024-05-07,Powai,69.6,106.9,19.5,32.1,69.6,,,2024,5,1,0,53.92857142857143,61.79,Moderate
2024-05-08,Powai,85.1,107.3,27.2,45.0,85.1,,,2024,5,2,0,55.971428571428575,61.839999999999996,Moderate
2024-05-09,Powai,76.8,107.1,35.8,21.8,76.8,,,2024,5,3,0,56.94285714285714,61.85666666666667,Moderate
2024-05-10,Powai,50.3,88.7,16.6,9.6,50.3,,,2024,5,4,0,60.17142857142857,62.19666666666667,Satisfactory
2024-05-11,Powai,43.8,77.5,19.1,50.4,75.6,,,2024,5,5,1,56.01428571428571,61.236666666666665,Satisfactory
2024-05-12,Powai,59.6,79.9,24.6,25.2,59.6,,,2024,5,6,1,57.58571428571429,61.71333333333333,Satisfactory
2024-06-01,Powai,38.8,43.9,26.6,47.3,71.0,,,2024,6,5,1,60.57142857142856,60.906666666666666,Satisfactory
2024-06-02,Powai,64.3,91.3,23.2,49.2,73.8,,,2024,6,6,1,59.81428571428571,61.36,Moderate
2024-06-03,Powai,60.9,97.1,30.6,65.9,98.8,,,2024,6,0,0,56.35714285714285,59.67666666666666,Moderate
2024-06-04,Powai,59.5,101.5,16.2,1.9,59.5,,,2024,6,1,0,53.88571428571428,59.74666666666666,Satisfactory
2024-06-05,Powai,26.2,45.0,30.4,47.2,70.9,,,2024,6,2,0,50.44285714285714,58.833333333333336,Good
2024-06-06,Powai,58.8,81.5,23.5,20.8,58.8,,,2024,6,3,0,52.58571428571428,58.56666666666667,Satisfactory
2024-06-07,Powai,48.5,83.9,33.3,35.1,66.5,,,2024,6,4,0,50.99999999999999,58.266666666666666,Satisfactory
2024-06-08,Powai,83.8,105.6,33.7,33.4,83.8,,,2024,6,5,1,57.42857142857143,59.09666666666667,Moderate
2024-06-09,Powai,33.4,41.6,19.4,41.9,62.9,,,2024,6,6,1,53.01428571428571,57.78666666666666,Satisfactory
2024-06-10,Powai,55.5,84.0,26.1,48.7,73.1,,,2024,6,0,0,52.24285714285714,56.95,Satisfactory
2024-06-11,Powai,63.0,96.0,18.7,48.5,72.7,,,2024,6,1,0,52.74285714285714,56.9,Moderate
2024-06-12,Powai,87.8,104.3,23.4,27.5,87.8,,,2024,6,2,0,61.54285714285714,57.82,Moderate
2024-07-01,Powai,65.2,75.7,22.2,13.4,65.2,,,2024,7,0,0,62.457142857142856,57.73,Moderate
2024-07-02,Powai,39.2,88.6,10.4,32.8,49.2,,,2024,7,1,0,61.128571428571426,57.309999999999995,Satisfactory
2024-07-03,Powai,53.7,74.3,27.0,30.4,53.9,,,2024,7,2,0,56.82857142857143,57.49,Satisfactory
2024-07-04,Powai,65.6,98.5,11.5,28.3,65.6,,,2024,7,3,0,61.42857142857143,57.20666666666667,Moderate
2024-07-05,Powai,52.2,72.0,16.8,35.5,53.3,,,2024,7,4,0,60.95714285714286,55.80333333333333,Satisfactory
2024-07-06,Powai,105.5,123.2,16.7,34.7,105.5,,,2024,7,5,1,67.02857142857144,58.5,Poor
2024-07-07,Powai,78.2,109.4,24.0,37.5,78.2,,,2024,7,6,1,65.65714285714286,58.74666666666667,Moderate
2024-07-08,Powai,33.3,70.5,35.3,71.1,106.6,,,2024,7,0,0,61.10000000000001,57.52333333333333,Satisfactory
2024-07-09,Powai,62.1,93.6,13.7,49.6,74.5,,,2024,7,1,0,64.37142857142857,58.669999999999995,Moderate
2024-07-10,Powai,72.8,105.3,34.6,21.8,72.8,,,2024,7,2,0,67.1,58.666666666666664,Moderate
2024-07-11,Powai,101.7,121.6,22.3,42.8,101.7,,,2024,7,3,0,72.25714285714285,60.43666666666666,Poor
2024-07-12,Powai,71.4,98.1,20.9,50.2,75.4,,,2024,7,4,0,75.0,62.22,Moderate
2024-08-01,Powai,87.4,106.5,35.0,51.4,87.4,,,2024,8,3,0,72.41428571428573,62.81333333333334,Moderate
2024-08-02,Powai,67.4,103.2,24.2,39.3,67.4,,,2024,8,4,0,70.87142857142858,62.223333333333336,Moderate
2024-08-03,Powai,89.6,116.8,20.5,34.3,89.6,,,2024,8,5,1,78.91428571428573,62.65,Moderate
2024-08-04,Powai,115.1,142.0,30.8,32.2,115.1,,,2024,8,6,1,86.48571428571428,64.81,Poor
2024-08-05,Powai,72.9,112.2,21.0,26.2,72.9,,,2024,8,0,0,86.5,65.78,Moderate
2024-08-06,Powai,85.8,115.9,15.1,55.1,85.8,,,2024,8,1,0,84.22857142857143,66.65333333333334,Moderate
2024-08-07,Powai,74.9,108.2,43.2,29.8,86.4,,,2024,8,2,0,84.72857142857143,67.85666666666665,Moderate
2024-08-08,Powai,36.0,73.0,21.7,49.4,74.1,,,2024,8,3,0,77.38571428571429,66.91333333333333,Satisfactory
2024-08-09,Powai,64.8,102.1,9.9,43.7,65.6,,,2024,8,4,0,77.01428571428572,67.04333333333334,Moderate
2024-08-10,Powai,70.1,106.4,15.1,22.0,70.1,,,2024,8,5,1,74.22857142857143,67.39666666666668,Moderate
2024-08-11,Powai,75.7,100.1,2.3,56.3,84.5,,,2024,8,6,1,68.6,69.04666666666667,Moderate
2024-08-12,Powai,60.6,95.8,17.1,23.1,60.6,,,2024,8,0,0,66.84285714285714,69.10666666666667,Moderate
2024-09-01,Powai,42.0,60.7,27.8,29.9,55.6,,,2024,9,6,1,60.58571428571429,68.89000000000001,Satisfactory
2024-09-02,Powai,68.2,95.9,36.1,50.1,75.1,,,2024,9,0,0,59.62857142857143,68.36999999999999,Moderate
2024-09-03,Powai,74.4,102.8,19.9,60.0,90.0,,,2024,9,1,0,65.11428571428571,69.73666666666666,Moderate
2024-09-04,Powai,18.2,46.5,22.9,35.2,52.8,,,2024,9,2,0,58.45714285714286,68.49333333333334,Good
2024-09-05,Powai,65.4,87.1,20.9,55.9,83.9,,,2024,9,3,0,57.785714285714285,68.57333333333334,Moderate
2024-09-06,Powai,74.6,110.0,30.7,68.7,103.1,,,2024,9,4,0,57.62857142857143,68.13333333333334,Moderate
2024-09-07,Powai,70.4,95.1,18.0,39.9,70.4,,,2024,9,5,1,59.028571428571425,68.30666666666667,Moderate
2024-09-08,Powai,30.6,48.0,18.8,40.9,61.4,,,2024,9,6,1,57.4,68.02,Satisfactory
2024-09-09,Powai,36.2,62.3,29.3,41.1,61.6,,,2024,9,0,0,52.82857142857143,67.43666666666667,Satisfactory
2024-09-10,Powai,45.1,68.5,31.0,32.6,62.1,,,2024,9,1,0,48.642857142857146,66.75333333333334,Satisfactory
2024-09-11,Powai,75.2,87.8,20.1,58.8,88.2,,,2024,9,2,0,56.785714285714285,67.52,Moderate
2024-09-12,Powai,62.1,89.0,30.0,39.0,62.1,,,2024,9,3,0,56.314285714285724,66.07333333333334,Moderate
2024-10-01,Powai,62.0,87.2,10.8,13.2,62.0,,,2024,10,1,0,54.51428571428572,65.53333333333333,Moderate
2024-10-02,Powai,77.5,97.8,24.4,36.4,77.5,,,2024,10,2,0,55.52857142857143,67.00666666666667,Moderate
2024-10-03,Powai,42.9,73.2,30.2,20.4,60.4,,,2024,10,3,0,57.285714285714285,66.36666666666666,Satisfactory
2024-10-04,Powai,57.7,90.3,23.8,24.8,57.7,,,2024,10,4,0,60.357142857142854,65.86333333333333,Satisfactory
2024-10-05,Powai,76.5,108.1,14.8,42.5,76.5,,,2024,10,5,1,64.84285714285714,65.02333333333334,Moderate
2024-10-06,Powai,103.7,126.8,38.0,44.6,103.7,,,2024,10,6,1,68.91428571428571,66.1,Poor
2024-10-07,Powai,62.7,121.9,23.5,26.4,62.7,,,2024,10,0,0,69.0,65.27666666666667,Moderate
2024-10-08,Powai,47.2,83.8,33.2,47.2,70.8,,,2024,10,1,0,66.88571428571429,64.60333333333334,Satisfactory
2024-10-09,Powai,43.0,73.0,12.7,53.8,80.7,,,2024,10,2,0,61.95714285714286,63.05,Satisfactory
2024-10-10,Powai,42.9,66.8,33.9,40.2,67.9,,,2024,10,3,0,61.957142857142856,60.64333333333333,Satisfactory
2024-10-11,Powai,89.0,128.3,23.6,41.0,89.0,,,2024,10,4,0,66.42857142857143,61.17999999999999,Moderate
2024-10-12,Powai,64.1,77.9,40.1,38.0,80.2,,,2024,10,5,1,64.65714285714286,60.45666666666667,Moderate
2024-11-01,Powai,64.5,88.9,20.6,48.4,72.5,,,2024,11,4,0,59.05714285714286,60.11000000000001,Moderate
2024-11-02,Powai,39.9,73.5,20.7,47.9,71.8,,,2024,11,5,1,55.8,60.24,Satisfactory
2024-11-03,Powai,69.6,89.1,31.6,28.4,69.6,,,2024,11,6,1,59.0,60.4,Moderate
2024-11-04,Powai,69.7,80.2,8.6,48.9,73.3,,,2024,11,0,0,62.81428571428571,60.38666666666666,Moderate
2024-11-05,Powai,81.3,107.5,35.8,55.5,83.3,,,2024,11,1,0,68.3,60.57333333333334,Moderate
2024-11-06,Powai,70.0,83.1,23.6,30.2,70.0,,,2024,11,2,0,65.58571428571429,60.88666666666667,Moderate
2024-11-07,Powai,65.5,74.7,24.3,40.2,65.5,,,2024,11,3,0,65.78571428571429,61.67,Moderate
2024-11-08,Powai,92.4,126.5,15.3,56.4,92.4,,,2024,11,4,0,69.77142857142857,62.47666666666667,Poor
2024-11-09,Powai,55.9,97.1,20.8,33.7,55.9,,,2024,11,5,1,72.05714285714285,61.86,Satisfactory
2024-11-10,Powai,56.4,85.3,35.3,31.0,70.7,,,2024,11,6,1,70.17142857142856,63.13333333333333,Satisfactory
2024-11-11,Powai,57.4,98.7,18.0,30.3,57.4,,,2024,11,0,0,68.41428571428571,62.86666666666667,Satisfactory
2024-11-12,Powai,74.0,95.6,27.5,24.4,74.0,,,2024,11,1,0,67.37142857142858,62.84666666666667,Moderate
2024-12-01,Powai,83.5,110.7,22.3,46.0,83.5,,,2024,12,6,1,69.3,63.28333333333333,Moderate
2024-12-02,Powai,38.6,85.8,17.8,42.6,63.9,,,2024,12,0,0,65.45714285714287,63.55,Satisfactory
2024-12-03,Powai,73.9,114.9,31.9,43.0,73.9,,,2024,12,1,0,62.81428571428571,64.80666666666667,Moderate
2024-12-04,Powai,70.1,99.6,13.8,31.5,70.1,,,2024,12,2,0,64.84285714285714,65.64,Moderate
2024-12-05,Powai,93.3,126.3,29.7,57.0,93.3,,,2024,12,3,0,70.11428571428571,66.24333333333334,Poor
2024-12-06,Powai,76.6,117.3,8.4,39.7,76.6,,,2024,12,4,0,72.85714285714286,66.72666666666666,Moderate
2024-12-07,Powai,75.9,115.6,21.0,38.2,75.9,,,2024,12,5,1,73.12857142857142,67.19,Moderate
2024-12-08,Powai,47.9,87.0,37.6,45.5,75.2,,,2024,12,6,1,68.04285714285714,66.20333333333333,Satisfactory
2024-12-09,Powai,44.7,83.5,19.3,47.7,71.6,,,2024,12,0,0,68.91428571428571,66.26333333333334,Satisfactory
2024-12-10,Powai,86.3,118.4,23.7,70.0,105.0,,,2024,12,1,0,70.68571428571428,67.21666666666667,Moderate
2024-12-11,Powai,80.2,109.8,36.0,31.9,80.2,,,2024,12,2,0,72.12857142857142,67.34,Moderate
2024-12-12,Powai,69.0,95.5,25.2,48.4,72.6,,,2024,12,3,0,68.65714285714286,66.18333333333334,Moderate
